Label	h0	h1	h2	h3	h4	h5	h6	h7	h8	h9	h10	h11	h12	h13	h14	h15	h16	h17	h18	h19	h20	h21	h22	h23
0	0	35	0	0	0	8	14	16	51	105	124	126	124	97	110	187	177	144	125	88	40	40	0	19
0	0	0	0	0	18	0	0	0	27	58	89	50	54	19	0	150	38	2	86	29	30	35	4	15
0	0	32	12	28	2	40	15	20	16	89	89	88	45	39	38	91	76	71	33	42	40	37	43	1
0	0	27	15	10	4	0	0	0	77	94	61	100	61	29	9	20	52	59	93	149	80	30	21	0
1	44	1	71	0	8	18	10	0	0	0	82	150	165	169	165	108	96	34	90	175	227	164	123	16
0	0	0	0	37	36	16	12	13	32	77	130	117	30	0	20	78	53	107	66	65	39	27	9	29
1	0	50	66	50	39	44	66	60	67	79	181	187	142	186	170	127	84	94	87	128	110	114	76	46
0	0	5	0	0	0	0	25	0	31	18	38	44	99	82	59	152	171	91	115	131	64	67	61	34
0	0	0	0	0	0	14	9	23	46	98	96	73	113	40	63	59	62	79	96	57	38	65	57	51
1	0	15	0	40	43	31	0	0	0	27	29	133	205	189	195	83	62	9	74	171	202	221	100	0
0	43	29	15	5	0	0	0	22	5	0	27	0	32	63	57	117	21	41	98	83	93	78	60	56
0	35	10	0	12	0	74	40	65	16	39	139	107	74	26	16	86	48	42	79	56	55	49	1	48
0	0	0	4	0	11	0	3	0	0	61	96	103	85	52	13	48	113	36	77	72	41	45	58	59
1	25	0	15	23	39	13	14	41	30	53	102	83	116	124	109	190	38	68	77	41	127	141	158	147
1	59	91	57	53	55	16	33	0	0	30	112	155	112	115	135	119	1	34	22	73	54	57	62	0
0	0	0	0	0	2	15	5	0	49	72	126	111	30	104	44	30	48	79	131	135	98	86	88	70
0	9	6	0	0	12	0	7	2	22	80	55	37	41	125	66	74	119	73	118	147	119	91	52	45
0	0	7	16	14	24	0	6	26	41	87	147	81	37	0	22	114	31	84	137	56	7	18	8	1
0	1	0	0	0	0	0	32	21	86	97	52	123	91	87	15	84	72	26	77	89	71	27	0	3
1	2	0	0	0	7	0	30	66	32	80	60	135	102	84	127	120	95	59	145	206	131	116	103	65
1	0	24	90	96	43	28	36	3	0	99	141	106	136	77	122	100	73	35	0	113	89	97	74	79
0	0	6	14	27	28	25	45	35	67	51	23	79	30	43	28	92	153	155	175	87	108	108	68	42
0	0	9	5	0	11	0	69	47	109	165	73	53	141	105	86	180	124	132	150	116	89	92	56	62
0	3	0	0	7	40	15	0	26	76	79	78	47	101	72	69	59	69	40	110	109	83	34	56	30
1	0	0	0	0	57	11	0	50	54	42	117	65	141	218	228	183	90	76	53	120	145	162	108	89
0	0	1	0	0	0	0	44	0	0	35	122	89	55	60	87	114	102	131	90	141	82	85	63	67
0	1	0	26	20	34	7	14	12	7	2	2	67	132	130	98	81	101	98	104	129	87	54	27	48
1	43	37	27	19	103	85	17	0	95	123	138	152	177	164	146	110	92	74	150	238	141	136	89	93
0	0	0	0	22	17	8	0	16	45	68	82	148	39	62	53	53	71	94	118	100	20	56	34	19
1	0	12	55	50	81	82	24	37	30	63	110	170	169	153	54	132	31	87	176	158	152	75	72	0
0	0	0	0	10	0	25	14	38	0	0	55	102	44	33	32	116	143	193	179	77	53	57	31	18
0	0	0	0	0	0	18	39	85	109	63	77	78	8	57	30	111	85	95	112	92	66	46	59	2
0	3	0	0	0	0	23	32	67	67	125	105	44	55	103	26	35	34	86	132	75	43	53	37	20
0	20	11	16	0	0	10	0	36	0	49	56	68	60	99	69	50	58	83	112	42	81	51	32	52
1	0	4	1	22	67	12	9	33	47	75	102	178	182	135	160	123	61	63	143	138	190	166	162	67
0	16	0	6	3	0	0	0	82	86	141	112	118	80	81	14	90	49	157	158	107	102	114	49	32
0	23	7	32	22	20	0	0	15	42	95	118	134	106	67	140	147	96	99	155	57	62	56	65	13
0	0	3	18	10	4	0	0	0	12	68	25	20	22	15	105	175	119	111	148	85	27	64	4	3
0	2	4	0	36	23	0	10	85	48	77	72	107	42	55	44	60	41	59	69	67	62	51	36	58
1	4	0	20	9	0	11	18	76	89	86	111	129	164	161	83	135	79	55	88	85	110	81	2	0
0	0	5	13	36	20	10	39	55	141	176	158	98	26	67	74	132	88	106	93	3	85	46	20	7
1	5	32	101	135	89	131	152	97	39	0	61	116	101	173	172	142	72	81	66	117	187	149	182	149
0	0	0	14	27	15	0	0	38	65	70	82	121	146	151	124	130	109	82	168	195	124	130	84	42
0	0	0	0	2	23	9	22	22	35	67	70	70	65	83	113	195	170	193	247	130	54	83	49	23
1	0	27	4	26	52	50	28	71	64	81	101	119	112	187	164	129	138	99	119	134	141	129	89	89
0	0	0	0	6	0	6	31	26	36	38	74	75	50	0	0	11	40	123	190	88	71	103	42	23
0	1	0	26	29	15	0	0	80	0	114	91	35	45	96	106	138	71	122	40	80	56	50	7	9
0	6	18	37	11	0	0	0	4	23	16	98	113	57	116	169	140	47	32	132	22	0	31	10	15
1	8	21	0	0	0	0	4	8	42	69	82	133	198	190	156	120	83	87	193	183	158	75	57	91
1	9	8	22	31	48	25	0	23	28	53	111	213	129	148	205	153	79	81	77	70	113	112	100	147
0	0	0	0	4	0	41	28	18	34	88	26	42	62	139	123	121	118	110	129	56	59	64	46	35
0	1	33	16	0	0	10	12	6	0	67	79	78	70	56	78	110	34	75	133	56	128	96	42	1
0	8	0	0	0	4	13	2	5	53	33	63	69	83	65	46	90	19	86	91	48	46	46	49	7
0	6	25	22	3	0	37	67	64	58	22	18	40	0	39	43	17	50	67	101	120	0	56	38	0
1	0	8	6	26	0	1	0	29	62	111	173	100	137	145	46	98	87	54	93	82	197	135	104	23
1	59	21	50	69	77	53	20	31	77	131	223	214	208	241	167	162	59	52	166	170	177	167	80	79
0	0	0	0	0	0	16	69	0	54	0	106	107	78	169	106	143	136	108	23	69	71	53	25	17
0	0	0	0	0	10	0	0	55	45	125	168	151	105	92	150	105	132	148	109	57	118	107	55	8
0	8	7	0	0	0	19	3	44	25	40	60	115	103	116	117	65	5	54	72	128	92	79	9	17
1	83	56	21	44	70	42	27	62	55	140	152	166	168	126	194	183	141	56	89	78	30	147	123	76
0	0	0	0	0	7	10	36	28	0	51	69	72	82	101	21	76	65	127	167	130	119	53	33	0
0	0	0	0	0	22	52	38	34	0	70	42	46	43	83	0	66	103	163	114	70	72	39	26	42
1	0	0	15	48	47	50	25	31	22	73	112	196	189	146	143	88	74	77	82	108	118	115	54	12
0	0	0	0	0	0	0	6	7	30	74	173	122	93	56	49	121	75	146	130	85	110	85	54	25
1	35	36	35	35	62	0	0	0	0	34	99	103	136	106	113	90	42	58	58	28	79	12	61	21
0	0	0	0	1	16	24	9	0	19	95	106	40	99	101	55	99	85	30	143	75	80	69	61	43
0	2	0	36	38	17	0	0	62	70	93	167	86	76	8	51	106	110	106	85	91	84	70	56	27
0	0	2	0	0	2	9	72	41	44	140	117	127	106	99	112	211	175	121	119	93	60	46	21	21
0	1	0	0	0	10	24	57	5	0	33	65	123	186	108	55	9	38	89	51	105	87	72	59	52
1	23	0	47	9	16	5	15	53	19	51	112	166	171	131	184	212	81	12	0	60	59	142	105	68
0	0	2	30	47	0	0	0	11	41	0	30	8	0	85	60	99	101	136	166	92	69	39	33	9
0	0	0	0	2	0	42	5	26	41	50	69	0	15	55	70	122	94	100	164	107	87	86	47	36
0	32	50	24	52	34	23	11	12	38	93	102	98	103	105	74	184	167	62	94	77	61	39	2	0
0	0	0	0	0	0	0	0	23	37	43	93	52	55	67	59	97	119	64	105	86	84	65	41	19
1	36	19	71	68	57	79	74	43	39	53	163	100	156	149	153	177	121	60	132	72	101	161	112	27
0	0	16	8	0	1	27	92	113	71	51	80	80	9	57	40	95	19	100	93	94	46	57	33	20
1	0	5	10	16	34	33	6	41	58	93	156	160	172	141	124	57	45	80	21	100	131	121	90	44
0	25	29	8	15	6	0	7	60	24	56	30	142	84	77	64	78	66	137	92	143	118	86	42	4
0	0	14	7	16	9	0	0	0	30	112	101	108	86	126	89	79	134	114	115	38	0	39	0	0
1	4	12	0	23	60	0	54	13	63	63	100	159	156	142	126	115	48	24	134	137	153	126	135	64
0	9	0	23	11	16	25	0	0	8	29	68	70	12	35	42	115	49	58	85	36	61	89	59	35
0	0	0	7	22	26	3	53	0	24	79	84	23	0	48	39	119	128	130	81	111	35	42	48	26
0	0	0	37	43	3	6	5	0	0	85	112	69	72	71	10	71	71	82	148	97	73	63	45	34
1	57	0	12	0	53	32	16	4	50	72	176	202	166	223	178	144	39	34	75	124	124	79	83	60
1	3	0	25	47	110	64	13	64	0	44	157	153	144	148	112	109	86	77	158	148	162	130	120	158
0	0	3	0	0	7	63	0	0	14	0	64	113	58	80	39	92	84	91	21	39	59	25	17	0
0	2	0	0	16	5	1	12	16	21	21	48	66	70	82	72	149	96	83	98	38	62	61	16	24
0	0	3	2	16	2	0	7	0	1	0	46	54	117	96	104	160	147	138	134	0	38	22	38	8
0	0	0	0	5	0	0	0	8	24	67	18	75	71	21	93	181	163	107	117	56	109	113	70	44
1	40	71	9	60	24	54	10	24	104	187	158	118	79	102	111	138	108	93	125	108	109	46	60	35
1	0	51	43	57	82	71	43	85	50	18	21	97	135	83	90	117	86	38	123	146	165	86	54	39
0	4	0	0	1	11	0	0	0	0	47	101	80	124	38	56	168	100	108	176	107	88	62	47	35
0	21	0	1	7	7	0	0	2	65	72	56	65	85	104	64	108	93	176	152	94	101	93	41	4
0	7	0	0	5	5	1	34	0	42	80	91	61	41	65	65	52	86	46	24	13	34	63	32	13
1	24	0	19	27	63	35	22	29	112	101	169	178	193	208	101	98	93	161	130	127	121	70	109	67
0	35	0	15	7	5	29	37	20	43	58	23	40	24	46	47	92	0	50	106	28	129	112	106	54
0	0	13	5	0	0	57	35	0	14	105	143	61	70	32	9	58	66	80	109	80	137	95	72	51
1	0	48	28	77	90	92	60	48	57	64	184	205	214	186	168	152	90	83	92	108	131	73	73	51
0	0	4	0	0	0	44	97	70	52	24	102	91	117	33	19	165	48	88	119	96	74	72	3	4
1	8	22	0	52	42	37	0	91	34	115	105	110	107	121	131	123	115	88	91	114	33	100	80	70
0	0	0	0	0	0	2	13	6	28	65	82	67	49	75	90	98	106	107	152	122	134	78	45	14
0	7	0	0	0	0	0	24	63	50	73	118	64	99	51	27	83	61	110	121	74	128	128	72	41
0	0	7	21	9	0	27	0	10	52	69	94	41	57	53	24	124	100	151	213	133	48	51	39	29
0	0	0	0	15	0	60	0	3	33	81	37	59	69	31	3	84	118	197	155	117	149	125	81	50
1	2	18	78	97	84	71	13	17	75	99	125	188	151	145	157	132	145	112	153	137	135	30	52	21
0	12	43	15	27	24	4	0	29	37	71	88	97	71	27	69	105	141	96	98	107	60	30	0	0
0	4	11	29	37	0	0	24	0	78	150	136	102	87	112	58	83	64	134	135	79	28	49	23	5
0	0	9	30	19	2	2	6	41	0	45	101	104	109	90	39	133	174	100	75	57	90	44	49	50
0	0	5	16	12	3	16	7	21	17	96	79	23	12	68	24	103	86	87	119	19	53	43	32	23
1	8	13	18	81	65	120	58	36	2	70	134	160	158	184	125	148	30	0	88	34	98	183	135	53
0	0	46	16	9	0	0	0	79	89	107	107	99	123	143	64	93	119	13	61	60	58	67	29	2
1	19	7	50	39	37	36	0	20	70	48	119	151	159	156	191	126	78	0	37	84	165	137	103	44
0	2	45	28	0	14	3	9	0	97	109	137	115	115	138	41	67	88	112	72	114	68	39	25	23
0	0	1	32	0	4	0	4	0	0	46	90	105	127	107	38	114	53	74	75	54	74	22	37	0
1	22	0	7	32	65	57	96	34	79	0	65	150	158	174	114	119	106	56	84	124	125	81	106	7
0	0	0	6	0	0	0	0	0	84	87	90	117	67	66	23	77	107	143	158	38	45	60	51	60
0	29	34	28	0	3	0	0	10	8	61	26	78	114	1	33	83	83	99	133	81	22	44	58	0
0	0	0	15	9	0	40	27	5	10	41	46	12	45	44	45	133	84	119	137	35	0	4	33	3
1	24	32	33	40	52	18	0	14	59	98	149	199	151	191	159	203	111	110	142	191	119	141	70	53
1	0	37	98	53	36	115	88	64	0	49	96	151	131	172	121	192	91	87	102	142	119	74	54	17
0	0	0	31	16	0	0	0	42	3	46	82	98	82	28	50	152	128	115	112	81	43	11	12	0
0	36	64	41	24	5	1	26	43	70	29	61	61	19	35	0	104	38	62	111	75	15	37	0	0
0	0	0	0	23	15	0	0	26	30	72	80	100	84	128	116	126	65	68	60	48	6	49	31	20
0	0	1	11	32	27	8	26	18	31	31	48	85	89	120	88	120	130	120	171	141	106	100	34	8
1	10	0	0	0	40	0	0	58	43	88	129	160	164	183	155	132	127	85	89	90	103	129	156	55
1	4	7	72	17	29	36	0	40	0	22	104	124	73	86	116	100	74	49	38	75	69	12	0	0
0	0	0	0	6	0	0	4	21	43	69	143	81	90	58	55	60	57	57	103	108	65	42	30	21
0	0	0	0	0	0	0	20	10	72	150	146	106	113	113	76	98	127	126	161	104	102	92	62	50
0	6	0	1	0	0	0	52	77	79	120	18	51	66	132	34	63	22	18	27	26	44	76	45	8
1	9	47	35	51	120	86	90	63	71	85	137	146	199	119	157	67	61	131	119	126	130	189	104	101
0	4	36	6	0	27	0	0	12	0	17	23	65	0	42	60	97	108	133	127	92	25	36	22	12
0	0	0	0	0	0	0	0	0	38	110	58	68	82	113	109	125	96	75	125	76	80	68	72	41
1	0	0	0	52	56	75	29	38	42	71	175	125	151	221	172	152	6	0	10	70	72	155	122	72
0	0	0	0	0	0	0	4	68	30	48	100	11	2	40	35	121	185	141	140	57	54	57	79	42
1	0	43	2	40	51	52	41	28	27	61	108	106	204	181	150	59	32	58	90	115	174	75	63	106
0	0	0	14	9	0	0	0	7	24	106	122	93	23	30	0	74	72	82	128	78	55	69	27	0
0	0	17	6	34	0	0	0	8	26	0	33	45	0	60	0	42	52	76	92	69	57	49	2	7
0	0	0	0	0	0	54	0	0	50	72	80	86	77	70	43	90	82	82	130	19	41	40	40	19
0	0	0	14	17	0	0	0	0	23	111	70	24	100	90	0	41	71	79	135	50	51	56	61	39
1	0	57	64	11	83	85	50	115	87	92	114	159	191	191	190	116	78	95	191	105	208	135	103	78
0	0	17	0	0	4	0	0	0	0	45	48	83	75	109	94	124	109	105	58	60	0	29	30	17
0	0	0	0	27	12	67	78	71	97	108	128	38	99	173	73	66	73	155	127	123	82	79	71	26
0	0	30	11	18	22	9	0	0	65	147	70	73	43	0	59	159	121	177	90	71	108	83	35	31
0	1	0	0	5	0	0	0	0	32	79	62	85	84	89	70	57	46	10	0	78	85	52	41	47
1	0	31	35	62	65	20	27	10	45	136	166	167	192	208	119	157	79	124	218	159	141	146	77	51
0	0	0	40	17	0	14	50	46	40	32	66	17	18	96	0	31	49	39	75	14	94	83	87	52
1	10	14	61	27	0	52	52	78	45	16	80	136	164	159	143	180	85	68	126	133	190	138	82	83
0	0	32	36	0	0	0	3	94	78	129	103	62	74	68	29	83	75	63	90	68	66	53	20	9
0	0	0	8	33	50	46	29	67	57	45	39	66	105	87	86	84	54	3	34	53	68	95	50	23
1	10	20	25	67	45	0	30	33	0	52	157	154	159	133	110	136	96	49	74	90	112	81	74	27
0	0	0	15	0	0	52	58	40	0	58	80	67	148	53	44	51	65	136	104	86	92	92	56	0
0	17	6	0	0	12	60	34	16	58	64	77	65	68	71	54	82	84	83	67	0	9	39	14	8
0	0	0	0	0	0	11	8	0	53	21	40	48	25	13	18	74	82	94	46	75	108	81	49	35
1	0	105	36	50	24	36	67	101	22	43	50	105	137	132	146	106	65	62	94	92	81	103	87	40
1	10	29	11	0	0	30	0	18	35	67	163	158	146	189	161	159	94	23	52	90	109	58	81	36
0	0	0	0	3	0	15	9	48	25	97	72	56	70	104	121	154	96	98	179	64	52	59	55	33
0	27	0	0	0	0	7	9	74	0	75	126	66	58	60	43	83	70	0	36	53	46	64	47	55
0	0	0	9	1	1	13	19	15	84	109	104	119	85	148	92	103	85	82	103	56	51	86	80	22
0	2	0	0	3	2	0	3	14	43	47	74	0	45	110	74	16	0	71	34	22	39	45	23	14
1	29	0	40	54	79	40	43	0	8	27	90	108	130	135	125	146	96	85	35	47	82	96	55	30
1	7	86	58	27	0	69	68	61	62	80	167	206	273	216	175	125	37	66	154	111	80	89	52	58
0	22	7	0	1	0	0	0	0	23	111	107	103	58	132	85	74	49	58	93	68	22	36	26	21
0	0	0	0	0	22	14	20	1	39	68	69	55	57	108	70	118	76	65	26	40	23	58	42	21
0	30	35	7	6	0	0	15	116	73	84	96	53	124	21	24	81	115	179	175	143	120	87	62	32
1	23	30	26	36	31	0	52	25	4	113	100	89	132	86	137	132	93	71	120	97	76	79	40	80
0	0	0	0	0	0	0	23	29	0	30	57	85	107	151	96	116	64	101	91	67	57	54	42	24
0	0	0	0	0	3	51	67	54	71	120	97	58	50	0	20	79	75	93	161	173	147	87	43	26
1	25	17	56	42	108	74	19	31	23	55	108	96	135	165	118	49	0	34	113	127	141	48	45	0
0	0	0	0	0	0	8	11	18	30	63	56	28	100	92	69	92	133	177	172	106	85	65	41	29
1	0	21	34	21	36	0	0	47	25	44	136	160	167	107	46	53	111	83	115	123	159	94	77	36
0	0	0	0	16	4	14	0	0	24	82	10	38	129	141	29	132	120	129	54	54	29	62	42	32
0	1	0	0	0	0	0	6	15	28	54	79	99	78	14	0	60	89	79	155	163	110	68	59	32
0	5	0	0	0	0	0	0	12	75	144	124	101	99	145	58	80	27	64	109	45	17	54	23	5
0	0	0	0	16	9	10	83	64	46	73	106	91	117	98	1	111	100	121	128	82	64	67	13	6
1	13	0	81	22	26	26	44	0	17	52	107	87	89	48	139	117	92	88	101	98	110	128	48	0
0	0	0	0	9	20	0	0	14	33	51	75	76	134	112	24	90	63	105	185	175	175	121	77	65
0	0	23	4	1	10	7	78	1	72	82	80	83	25	15	0	86	25	30	92	79	87	59	32	1
0	14	0	0	9	3	0	0	0	34	16	59	46	66	36	34	108	89	95	73	98	25	38	61	24
0	3	0	0	29	11	18	23	35	43	126	110	92	76	76	54	92	94	43	65	84	37	71	46	0
1	24	69	45	38	39	111	75	127	73	100	122	117	123	129	186	91	57	130	115	157	109	105	88	29
0	35	32	23	24	27	24	2	0	6	42	68	55	52	54	40	79	45	103	108	83	117	91	58	62
1	18	26	1	45	81	128	34	50	48	111	82	136	208	220	144	132	89	94	120	87	121	70	109	95
0	0	29	0	34	15	0	0	81	0	111	105	81	65	141	37	3	42	24	35	58	36	55	45	25
0	2	2	9	36	10	0	0	45	22	60	135	109	101	173	101	71	65	109	76	63	99	78	62	41
1	38	58	81	0	13	55	44	7	28	132	132	149	212	165	183	219	75	33	169	121	119	147	125	63
0	0	31	12	0	11	3	0	46	44	42	76	58	123	101	117	113	114	139	158	83	99	101	90	59
0	0	0	0	15	0	0	0	1	0	24	71	76	47	24	31	97	41	96	156	109	12	39	30	19
0	0	11	0	20	5	13	34	35	58	83	64	29	70	98	81	138	105	132	101	75	115	79	45	62
1	0	60	52	6	0	34	27	40	48	25	97	108	173	177	95	111	76	70	59	74	126	193	138	87
1	17	25	67	52	36	33	0	16	92	164	222	186	158	145	137	135	88	85	59	74	72	73	63	91
0	0	2	0	0	0	0	0	68	26	84	184	179	105	77	0	64	25	131	101	87	88	86	53	52
0	0	0	0	0	0	0	0	52	65	85	90	98	39	41	52	96	43	98	53	44	57	30	45	48
0	5	3	21	6	0	64	29	0	34	60	77	94	45	113	81	146	78	104	78	137	85	78	53	1
0	15	0	0	17	3	49	31	0	85	67	75	57	83	63	47	110	72	35	138	125	38	52	36	23
1	0	9	28	40	53	0	15	0	64	93	108	180	218	202	156	128	87	57	52	121	127	116	103	71
1	9	10	5	0	0	26	0	5	0	0	79	117	135	159	111	99	114	119	161	139	56	80	88	0
0	36	2	9	0	0	50	56	20	71	98	91	127	147	104	64	139	144	134	166	110	60	23	14	37
0	0	16	0	24	0	0	0	0	0	64	97	85	42	39	63	97	40	71	58	84	103	83	39	0
0	0	0	32	3	0	0	6	23	6	4	65	29	35	71	46	98	88	108	111	118	130	122	34	30
1	0	21	0	33	1	33	98	74	34	68	184	137	187	149	151	158	95	66	73	96	141	59	58	35
0	3	17	17	0	25	7	10	0	29	56	71	68	65	88	47	107	11	50	64	15	10	40	30	18
0	0	29	0	0	9	0	46	16	30	45	69	100	24	38	13	42	73	163	114	45	46	56	60	5
1	0	37	7	0	29	48	61	41	0	33	56	115	154	223	161	112	68	70	167	160	141	124	38	13
0	0	29	14	12	0	0	18	0	0	59	73	61	40	65	69	89	110	96	103	87	67	81	32	24
1	8	17	30	30	38	47	0	48	108	115	153	165	145	211	165	64	61	73	101	123	127	111	96	8
0	22	5	2	17	14	25	39	19	42	67	73	96	54	21	45	92	83	62	98	62	48	60	25	0
0	0	0	25	30	0	2	8	41	61	4	46	61	55	31	31	71	37	59	88	19	36	49	67	10
0	0	0	0	0	22	11	0	14	30	82	55	100	85	15	0	62	83	103	88	86	75	59	38	56
0	0	12	0	30	5	68	54	87	70	153	125	67	64	55	0	93	68	70	62	109	101	77	54	35
1	0	0	20	64	26	20	5	10	94	104	199	180	165	176	91	84	68	141	142	127	40	74	57	48
0	0	27	0	0	0	0	6	61	14	74	131	102	47	62	81	77	146	150	130	79	73	69	31	22
0	0	0	0	0	0	0	0	3	46	44	100	67	0	50	66	93	146	134	53	58	127	86	25	15
0	0	0	0	0	0	0	0	17	0	0	21	0	0	101	160	149	112	121	117	171	82	74	58	14
0	0	0	3	0	8	40	27	0	0	87	151	79	84	52	0	55	54	79	80	99	46	57	53	29
1	13	37	35	19	21	28	2	0	0	76	88	112	137	140	142	166	122	112	141	99	62	99	27	37
0	2	13	24	9	10	69	0	0	50	88	90	63	21	12	29	96	56	71	83	93	68	44	30	17
1	9	0	60	0	13	20	78	73	30	85	127	158	194	174	137	70	84	106	155	174	106	19	52	45
0	0	1	8	0	2	61	30	34	8	31	62	11	36	73	67	76	72	55	87	112	47	62	42	23
0	5	9	0	0	7	82	16	52	50	74	56	70	119	71	30	107	88	95	135	167	107	49	33	0
1	0	41	35	0	9	0	0	9	0	72	121	119	159	159	102	74	74	48	84	151	155	162	115	87
0	0	0	8	3	0	0	0	27	0	41	0	0	17	31	78	173	141	111	132	118	0	32	11	1
0	41	26	0	0	6	14	61	102	93	94	72	101	68	67	44	87	102	105	107	158	154	64	39	27
0	0	0	0	0	3	0	0	24	37	61	130	113	103	88	111	159	119	110	126	51	16	25	6	18
1	14	0	49	4	122	72	80	60	26	86	94	147	126	144	141	119	60	95	52	18	81	34	2	0
1	6	0	0	0	91	53	0	0	0	70	122	122	170	157	83	77	72	102	151	173	125	142	112	27
0	0	0	0	16	6	0	4	12	49	71	70	35	105	74	51	111	95	93	118	84	95	69	23	0
0	24	0	16	32	10	3	0	42	41	0	50	64	48	78	52	121	131	124	180	113	105	95	30	0
0	8	28	20	29	13	0	0	0	40	124	95	73	70	75	30	54	55	94	108	62	25	51	42	6
0	6	41	0	3	12	0	2	0	47	81	136	107	99	18	15	30	100	114	59	60	52	35	26	0
1	0	5	30	0	28	29	15	62	64	89	71	159	119	156	146	126	53	72	58	77	19	56	38	55
1	33	64	27	0	77	53	0	22	0	115	118	144	167	165	208	184	86	115	110	130	158	132	44	19
0	0	22	9	0	5	0	80	53	79	86	41	38	56	98	38	91	106	83	66	73	43	48	39	4
0	4	0	0	0	7	0	24	29	26	70	139	103	6	0	75	93	153	130	158	101	84	51	33	18
0	8	0	0	0	0	4	41	67	61	90	101	87	93	129	83	115	66	79	114	130	45	54	48	19
1	0	11	30	70	0	94	74	84	96	91	120	144	132	145	145	138	94	128	159	133	105	122	113	102
0	7	4	0	0	7	27	46	96	6	70	1	37	66	74	0	79	18	53	92	56	8	30	25	0
0	0	8	0	0	1	34	57	38	108	105	129	186	137	141	69	141	197	150	114	67	38	58	0	13
1	0	55	29	41	39	80	47	68	23	41	157	182	174	173	174	130	96	85	114	84	53	82	54	32
0	0	0	22	8	21	72	95	54	55	0	62	91	74	17	0	91	86	94	102	25	76	28	0	0
1	13	24	38	52	116	67	44	54	15	61	95	129	135	147	137	123	109	92	87	95	139	86	38	32
0	12	0	13	41	4	38	0	0	0	41	45	59	70	41	23	98	66	81	98	62	6	15	23	23
0	15	5	24	8	1	57	7	39	75	131	190	101	100	34	80	138	103	133	148	117	97	86	83	39
0	0	0	0	17	4	0	0	0	24	110	110	56	121	94	47	76	82	92	106	70	47	50	54	41
0	14	0	0	32	10	0	11	0	0	113	48	27	53	70	50	104	112	79	91	66	64	60	22	47
1	11	37	89	108	114	86	70	90	60	63	134	141	162	100	106	83	23	46	49	116	125	91	66	47
0	0	0	9	17	11	0	18	34	13	63	102	78	64	22	43	69	81	97	184	114	75	69	57	29
0	0	0	29	0	0	58	71	108	68	73	74	161	109	48	22	133	148	152	159	119	77	74	28	13
0	0	0	1	18	7	0	0	35	56	90	66	37	62	80	97	57	72	94	145	41	24	61	46	40
0	0	18	0	0	0	0	67	45	0	48	93	87	44	57	50	40	27	57	81	112	100	73	56	39
1	0	48	41	27	0	32	42	39	52	88	138	160	118	99	153	161	86	31	42	26	65	77	72	82
0	0	32	0	0	0	12	0	33	67	41	67	41	106	181	118	95	115	113	108	66	18	60	47	18
1	10	61	57	27	0	20	9	24	32	67	134	179	173	102	182	124	57	28	82	58	35	158	142	73
0	2	0	0	19	8	0	44	57	41	23	96	129	185	144	159	105	100	98	164	158	63	40	17	23
0	0	2	0	18	0	1	0	9	16	0	56	78	76	95	82	171	123	129	181	144	103	81	10	40
1	0	0	41	29	105	85	65	100	41	80	89	191	223	165	128	95	69	56	66	76	90	108	169	131
0	0	0	0	0	0	0	17	0	9	24	88	107	101	124	85	88	79	88	89	117	14	7	0	16
0	16	0	6	44	51	53	20	84	0	91	143	118	36	72	67	33	71	150	138	68	73	56	65	26
0	0	0	0	0	0	0	0	0	12	68	82	108	81	83	54	94	85	85	170	110	114	106	66	47
1	0	31	44	38	50	40	49	28	48	44	127	174	170	148	180	124	88	26	102	130	129	144	107	21
1	0	0	0	31	38	38	16	0	0	0	44	122	161	159	148	167	107	105	61	112	108	136	88	56
0	6	38	21	9	19	18	25	6	0	7	52	50	59	63	41	99	68	32	46	41	18	13	27	6
0	0	0	16	34	2	27	32	23	0	67	68	29	47	16	3	74	33	35	47	68	65	84	54	57
0	18	6	0	0	0	69	0	47	84	80	84	65	71	40	76	42	35	9	44	55	40	46	61	20
0	0	0	0	18	7	0	0	5	28	70	108	98	83	31	29	85	22	18	50	51	88	71	51	30
1	0	0	77	107	66	3	62	48	0	34	145	171	225	167	134	85	78	92	202	169	137	158	71	19
1	55	0	23	96	76	34	13	47	28	54	94	160	168	161	157	212	179	94	119	157	158	137	98	65
0	1	0	12	20	33	0	34	48	48	87	23	86	55	62	16	40	67	60	67	50	0	34	1	10
0	0	21	33	20	10	0	4	44	27	61	81	81	75	53	0	52	59	101	77	96	76	68	47	31
0	0	3	2	43	20	0	1	66	43	81	137	114	132	80	72	110	118	150	193	123	92	71	48	65
1	21	54	45	51	0	31	47	12	13	49	106	133	55	107	100	25	119	55	20	108	146	121	48	74
0	0	20	18	0	0	0	0	0	24	103	89	110	31	10	2	62	136	118	116	159	27	43	6	0
0	16	22	0	0	0	0	0	9	0	49	0	17	103	103	134	165	64	40	80	67	78	73	45	16
1	18	47	35	26	17	14	107	70	67	65	104	117	179	137	85	116	79	121	106	121	126	143	177	100
0	0	17	0	0	0	0	13	26	60	81	122	46	62	0	56	85	85	90	31	0	17	39	29	14
1	42	36	15	26	41	35	73	68	67	84	78	125	183	100	91	100	90	142	151	142	203	140	121	65
0	0	45	28	0	0	0	0	69	61	77	41	58	93	157	183	65	93	134	122	74	69	52	44	23
0	0	12	18	13	27	44	29	42	9	0	0	48	50	56	76	114	94	98	172	146	128	62	44	29
0	3	0	0	10	10	6	16	17	106	100	86	47	51	20	109	81	18	102	106	65	121	79	48	14
0	0	8	3	0	0	0	14	0	20	52	37	94	38	4	12	55	80	178	190	114	102	52	45	26
1	53	61	62	94	93	68	11	0	26	102	161	155	207	155	155	151	33	73	137	161	155	148	90	58
0	0	17	16	0	0	40	0	1	20	81	110	95	55	57	26	48	59	93	80	0	37	86	61	70
0	0	0	0	9	27	0	53	33	100	82	53	49	65	65	107	120	124	164	173	121	69	68	74	37
0	4	1	24	12	3	0	1	0	21	10	60	75	67	70	62	122	80	89	96	137	64	19	0	18
0	12	0	0	0	17	0	52	19	0	18	57	77	88	82	40	153	185	142	93	104	87	77	44	0
1	12	61	120	33	4	49	12	0	71	76	127	135	143	209	102	144	25	10	73	91	104	81	147	73
0	4	15	0	0	0	0	1	0	18	41	76	20	1	0	6	67	21	49	132	60	79	98	51	28
1	38	64	15	62	34	31	63	111	3	52	122	95	178	130	124	70	117	103	159	121	187	152	84	79
0	0	0	0	0	0	26	20	38	13	104	116	97	44	103	58	111	95	155	136	64	23	47	32	4
0	0	0	0	10	4	17	7	8	86	110	81	72	92	81	70	51	61	70	128	96	88	99	45	43
1	12	32	0	6	42	51	51	34	0	0	74	118	199	170	150	135	166	111	118	88	162	87	91	94
0	5	31	0	0	14	5	0	15	0	95	91	83	64	136	130	144	145	192	191	138	130	61	82	70
0	13	3	0	5	18	2	0	0	32	46	29	130	128	100	121	164	122	71	74	64	55	29	17	17
0	14	3	0	40	13	0	0	14	50	0	0	0	18	46	23	91	67	91	151	171	60	54	38	50
1	76	63	82	81	63	105	39	81	69	55	147	165	117	160	176	160	62	28	76	147	138	87	70	0
1	0	0	0	29	34	17	38	33	49	105	159	166	183	190	164	196	101	98	167	174	184	118	139	30
0	0	3	0	21	0	1	0	0	25	3	72	85	70	70	9	128	95	77	143	114	65	78	46	17
0	0	0	0	0	9	16	40	95	79	97	98	0	21	52	55	94	146	143	204	110	78	70	43	6
0	3	22	23	4	8	0	50	37	13	128	121	114	87	66	49	141	87	86	87	46	49	55	30	17
0	0	0	0	2	0	0	25	13	27	14	21	39	1	36	0	73	38	59	103	81	97	101	60	0
1	95	15	52	48	10	10	12	0	72	84	157	197	151	184	178	105	69	42	87	90	112	197	81	63
1	3	22	54	43	28	20	39	62	68	38	105	140	152	161	71	48	48	54	30	84	95	138	148	106
0	0	0	0	0	0	0	31	57	109	109	101	29	45	27	9	11	0	0	50	86	46	53	38	0
0	0	25	0	30	57	13	16	45	80	98	71	32	82	73	62	109	68	38	77	45	0	19	5	10
0	0	0	7	0	0	0	7	24	101	71	100	43	49	58	47	85	81	96	107	79	75	54	47	52
1	13	19	61	80	133	113	62	40	25	81	136	142	159	144	78	94	77	121	140	124	172	142	109	15
0	0	0	16	16	32	18	7	24	55	92	126	101	103	142	90	71	38	36	48	42	76	77	59	18
0	0	0	0	0	0	0	0	0	0	38	114	111	93	148	113	126	108	89	94	44	44	54	30	0
1	12	16	52	58	0	0	35	50	46	80	129	232	225	207	247	238	155	117	66	70	91	149	111	121
0	3	13	7	18	29	5	30	0	38	62	70	73	84	96	78	110	87	20	114	23	40	41	50	31
1	17	57	60	16	31	20	0	8	8	67	109	163	167	124	112	118	139	64	92	141	147	117	96	0
0	0	0	0	0	6	17	14	69	83	68	19	0	36	9	29	79	104	85	146	111	61	75	40	9
0	25	0	0	1	25	0	0	53	77	162	161	118	61	54	35	63	134	182	123	117	122	86	42	27
0	0	0	2	0	0	57	28	12	32	59	65	103	169	124	71	117	74	4	61	13	26	33	48	26
0	0	0	0	3	10	7	0	71	19	32	64	85	48	88	0	66	61	78	166	71	95	79	49	39
1	8	32	87	44	0	0	2	28	48	80	139	96	113	114	105	146	103	18	29	107	147	122	96	84
0	15	35	1	0	12	0	0	0	46	74	86	55	37	25	29	86	67	30	73	45	92	79	48	26
0	0	15	17	18	13	19	0	7	49	80	106	74	67	18	0	57	63	94	95	84	27	26	0	12
0	0	0	0	0	0	0	4	0	31	0	90	93	88	51	82	62	39	92	120	82	71	51	42	9
0	0	39	12	12	0	0	6	52	49	86	39	72	100	108	103	145	100	95	92	144	100	70	84	45
1	0	56	0	25	34	0	58	134	16	57	81	74	108	85	99	39	55	28	100	125	131	58	12	10
0	7	2	5	5	24	0	4	0	27	59	101	84	50	70	115	153	108	139	130	115	109	120	57	68
1	0	23	15	8	36	44	23	28	42	60	55	119	152	154	194	207	126	99	54	133	166	125	78	54
0	0	0	16	3	13	8	2	0	51	48	71	74	0	31	55	44	43	63	39	83	78	80	50	32
0	0	0	0	3	0	0	3	93	45	91	76	75	69	44	54	110	121	120	168	77	0	10	39	57
1	0	0	0	22	71	11	25	52	82	54	67	205	188	181	150	83	40	50	72	140	154	124	53	30
0	0	12	3	0	1	6	64	26	20	57	75	69	37	44	29	115	44	102	199	133	90	83	27	3
0	0	0	0	0	4	25	9	9	28	97	113	108	32	49	0	130	91	37	84	59	56	54	35	7
0	5	7	0	0	19	22	51	0	56	0	49	76	24	0	19	105	139	59	94	131	73	88	49	31
1	0	21	51	71	65	30	39	12	52	95	147	84	134	158	177	162	187	132	136	129	147	181	119	121
1	0	0	21	49	119	4	21	32	0	0	80	94	87	120	143	136	106	62	161	84	104	44	13	0
0	3	0	2	27	13	23	0	26	101	100	178	156	116	101	96	107	92	157	117	86	131	107	66	39
0	0	0	0	0	9	2	0	32	84	98	98	83	87	59	0	36	0	31	100	65	6	37	24	22
0	14	0	0	2	0	14	0	26	66	77	111	34	64	13	58	120	89	110	156	101	78	50	22	29
0	0	0	16	9	0	2	21	0	0	14	61	76	69	69	113	139	71	96	90	77	73	67	58	30
1	64	89	46	33	38	34	35	46	53	128	218	207	161	105	106	111	76	66	133	122	129	88	97	82
1	36	22	31	41	0	17	75	46	0	46	145	166	257	232	228	171	31	54	99	103	153	162	118	115
0	0	0	0	6	0	48	32	37	51	80	138	40	115	98	47	65	29	50	91	117	77	70	27	0
0	0	33	31	17	0	44	37	35	32	47	5	84	84	2	15	94	81	145	116	103	71	63	13	23
0	1	21	2	0	0	0	60	8	58	96	88	92	89	12	37	140	128	153	178	113	118	90	58	31
1	0	76	53	0	8	53	48	18	51	54	72	141	148	126	72	110	127	93	118	149	143	172	50	100
0	0	29	0	0	0	59	60	6	32	58	58	104	96	79	75	84	108	125	151	180	127	127	104	57
0	11	9	0	0	0	21	0	23	47	20	80	72	44	110	63	112	103	116	144	138	103	79	41	26
1	69	105	34	42	62	49	0	0	23	82	98	81	111	187	156	169	145	190	108	135	100	130	101	79
0	12	24	0	0	10	0	12	0	0	59	79	30	0	37	29	89	85	91	68	44	69	56	36	0
1	0	41	55	23	7	0	0	35	5	107	170	226	209	121	156	130	59	149	228	193	163	136	103	123
0	0	15	0	0	5	0	0	27	98	54	52	66	0	37	47	115	56	75	120	87	145	105	88	49
0	0	0	0	0	16	0	37	36	67	154	172	139	128	97	75	114	64	83	114	37	47	79	48	48
0	0	0	31	15	14	0	0	0	9	69	88	62	30	46	40	130	100	101	139	177	149	106	94	3
0	0	0	24	49	43	0	0	22	55	86	105	74	49	41	99	193	79	97	53	0	27	48	56	41
1	0	27	54	56	52	21	18	0	9	79	108	132	149	118	186	146	121	116	165	199	99	114	99	42
0	0	0	0	0	0	0	0	74	40	67	93	75	133	101	64	130	88	96	52	3	0	27	38	41
0	2	0	0	0	0	0	7	14	11	23	35	84	43	126	37	101	74	22	80	18	56	31	25	12
0	0	0	10	13	0	0	71	26	18	75	110	96	28	54	0	77	23	77	95	76	63	66	46	27
0	0	0	0	36	23	15	0	40	67	17	29	72	68	16	0	61	81	93	107	108	69	65	31	3
1	0	99	71	125	83	89	58	121	90	142	163	223	112	124	132	120	116	130	111	207	208	160	115	84
0	0	37	10	17	0	28	8	14	34	72	86	83	54	88	38	63	0	34	154	122	87	92	58	23
1	85	51	85	76	61	42	52	76	0	52	144	168	164	119	86	97	64	123	147	168	159	142	138	53
0	0	0	24	24	6	36	46	45	115	105	84	78	67	29	0	67	16	87	129	81	97	103	57	63
0	0	0	0	12	0	0	0	0	81	129	45	146	113	91	30	52	23	41	58	5	0	32	40	22
1	2	0	23	50	49	65	10	77	103	62	126	139	154	154	167	132	168	134	127	103	40	74	72	35
0	0	0	0	17	7	0	28	28	91	154	120	94	102	42	34	55	40	71	45	90	76	70	44	26
0	0	0	3	3	17	0	26	89	40	53	111	137	143	86	34	87	113	108	135	96	79	56	68	36
0	2	4	15	0	0	10	13	47	43	113	156	103	81	124	117	95	35	81	89	64	61	93	71	61
1	8	0	20	4	0	14	32	39	58	75	60	115	140	143	113	111	65	75	114	172	142	115	20	54
1	25	31	0	29	42	0	2	0	70	84	125	210	234	227	104	115	74	59	8	80	95	107	32	29
0	0	0	2	0	0	13	0	0	0	32	98	96	91	82	150	140	106	95	90	75	57	57	38	29
0	0	9	3	3	0	19	2	46	124	92	116	135	44	53	28	82	40	106	94	44	3	32	31	5
0	0	0	6	0	0	0	23	54	106	90	39	58	14	63	67	96	86	92	121	9	42	55	0	1
0	2	29	0	0	0	0	0	45	0	22	62	119	113	80	76	111	103	102	160	71	63	80	19	26
1	6	60	45	44	36	34	56	58	41	70	107	140	151	116	148	99	102	148	193	113	116	135	137	124
1	33	38	0	8	6	34	25	71	14	83	133	185	175	169	134	157	164	158	95	32	7	6	53	92
0	2	0	0	0	0	0	33	13	28	82	130	132	107	130	124	129	117	60	72	74	11	45	29	11
0	0	0	0	0	18	8	0	0	5	22	28	62	92	53	0	119	101	132	125	0	23	75	18	0
0	0	15	11	0	0	10	0	0	17	104	83	36	29	39	14	76	76	28	56	38	56	103	46	27
1	0	0	0	24	0	22	0	0	25	35	127	149	158	139	136	127	40	49	92	87	94	48	13	19
0	0	0	0	0	0	48	30	81	101	103	104	142	101	37	0	80	16	54	44	67	48	44	33	18
0	5	0	0	0	29	0	0	52	44	65	140	125	78	76	77	124	96	45	90	105	48	56	14	38
1	0	67	55	93	73	48	61	101	0	65	104	119	134	109	133	136	105	91	115	137	144	103	10	46
0	15	1	4	5	20	0	0	8	59	128	69	79	71	61	59	34	115	141	179	191	176	108	78	45
1	9	24	52	137	90	50	16	3	11	50	148	210	197	209	132	118	81	17	132	220	187	98	86	43
0	10	0	1	9	0	0	72	0	16	15	40	46	0	5	96	162	72	101	106	52	8	38	35	10
0	1	0	0	0	0	46	0	13	0	49	76	79	65	96	88	118	123	109	63	65	47	76	39	6
0	16	0	0	4	0	0	0	0	24	59	123	77	108	88	19	64	59	79	89	71	81	83	80	37
0	0	2	0	12	0	36	0	76	61	76	116	59	65	73	42	110	45	66	9	0	30	54	55	25
1	10	64	0	42	54	90	64	0	11	79	135	156	231	163	143	124	85	69	62	34	129	148	57	31
0	0	9	0	0	31	70	110	127	99	139	163	101	92	128	106	141	48	94	178	171	108	68	43	0
0	0	32	15	0	1	0	42	22	69	66	89	83	55	69	77	105	123	158	171	97	59	46	58	33
0	0	0	0	0	0	15	8	30	48	129	105	94	81	89	106	180	91	150	149	129	89	49	0	32
0	0	0	0	0	0	54	41	28	74	52	28	53	73	83	148	174	78	80	138	96	57	79	59	0
1	30	33	40	38	42	37	37	0	16	65	122	148	154	183	170	62	22	98	120	124	92	112	78	35
0	0	39	12	40	22	0	0	80	70	118	31	36	75	18	36	82	86	148	132	139	116	93	66	48
1	8	18	15	30	40	0	37	29	24	0	142	208	197	237	173	129	31	111	174	88	145	159	115	77
0	13	0	0	0	0	0	0	55	69	81	146	157	133	56	34	76	72	94	137	125	104	73	13	19
0	0	0	8	8	0	20	0	0	24	61	68	76	50	74	98	199	125	160	208	136	86	78	48	49
1	2	2	86	100	66	1	57	30	72	81	117	100	163	208	164	118	81	66	180	189	185	157	133	41
0	7	0	0	0	0	0	30	2	0	0	48	76	56	74	31	12	0	54	84	5	74	50	0	19
0	0	0	0	5	40	68	0	0	77	134	122	135	126	93	66	68	51	41	64	96	73	89	46	57
0	0	23	6	8	7	21	0	0	13	92	108	102	125	105	119	137	101	125	106	60	69	66	4	6
1	28	46	116	104	76	33	90	54	8	32	83	114	114	147	131	127	83	75	71	81	50	82	55	58
1	16	0	0	31	84	64	51	44	61	46	71	98	164	150	160	212	43	46	82	61	64	47	40	30
0	0	1	11	0	0	0	0	31	121	136	52	60	56	61	0	63	19	65	98	79	86	61	75	39
0	0	11	4	0	20	12	42	73	73	151	115	122	163	105	53	139	174	133	101	115	70	63	47	51
0	0	0	0	5	16	6	9	21	48	57	75	53	69	60	62	108	97	72	95	74	86	96	53	15
0	24	49	54	1	27	10	0	0	52	39	75	46	80	67	52	75	87	100	113	90	83	68	28	1
1	0	0	0	0	24	27	3	24	62	46	172	118	91	108	105	113	40	55	121	131	126	80	101	86
1	36	38	17	14	31	31	11	21	27	72	150	151	147	151	153	92	100	127	150	143	104	114	94	47
0	0	0	0	0	7	23	29	0	37	21	0	53	91	74	42	49	133	176	175	96	51	63	52	25
0	20	35	40	10	6	68	83	54	0	21	70	61	81	74	81	117	116	108	105	0	62	60	58	22
0	26	34	2	0	5	0	0	38	53	72	88	64	0	0	47	63	63	126	115	55	29	9	52	28
1	31	65	40	75	72	38	86	108	91	117	55	154	172	189	182	141	45	25	35	84	163	192	146	87
0	19	0	0	2	0	38	51	0	85	83	121	71	73	70	49	25	104	137	204	127	113	100	63	36
0	11	0	42	52	26	4	0	0	53	40	48	32	76	53	30	79	89	54	79	27	40	19	31	0
1	0	16	43	0	0	17	1	50	16	64	88	121	118	138	86	118	43	59	108	97	72	122	99	56
0	33	0	5	20	31	65	48	0	0	62	139	119	102	68	126	145	107	146	84	72	81	79	51	5
1	30	29	95	87	71	62	72	51	0	60	122	138	215	114	103	108	20	44	132	153	82	90	74	84
0	0	0	30	27	18	35	0	18	25	87	89	101	79	75	0	134	163	70	104	78	65	95	39	30
0	23	29	12	0	13	0	0	0	0	40	58	34	32	0	0	63	67	73	97	50	120	73	43	20
0	0	0	0	0	0	0	2	0	0	59	113	92	120	13	27	0	36	22	41	14	0	17	39	0
0	20	13	12	0	0	0	11	0	0	59	52	93	110	80	42	88	139	134	107	98	17	23	21	30
1	24	57	83	81	80	16	39	74	55	122	151	161	149	163	150	130	85	100	133	195	130	126	36	40
0	1	0	9	23	13	13	7	30	69	34	98	88	96	142	84	89	31	67	87	86	72	76	71	47
0	17	46	24	0	10	48	28	0	25	74	119	12	18	28	0	60	67	59	56	61	138	89	52	11
0	0	1	0	2	0	0	40	0	26	76	26	70	71	71	57	130	65	82	102	82	105	97	67	79
0	0	0	0	0	4	0	0	0	10	0	39	54	29	69	26	21	0	37	66	73	24	56	34	0
1	12	21	27	39	17	28	0	0	0	14	110	101	98	82	115	137	126	45	153	105	136	81	75	35
0	2	0	0	0	0	0	0	60	56	74	68	67	40	78	19	69	88	89	103	91	113	70	40	31
1	12	36	53	42	58	12	0	11	0	76	124	92	129	133	135	62	30	89	151	145	110	90	107	10
0	0	0	4	6	5	0	6	75	32	72	151	174	147	102	40	85	66	86	135	167	119	91	35	0
0	6	0	0	7	0	0	12	31	17	53	41	42	50	1	0	73	53	145	130	65	34	71	48	19
1	22	110	83	61	70	43	36	36	64	89	182	217	125	148	214	147	46	59	84	102	131	117	92	49
0	6	39	0	0	1	7	0	11	0	27	70	82	62	68	25	35	56	82	64	85	51	32	31	18
0	0	6	0	0	0	67	58	17	26	0	63	35	27	0	30	30	102	53	109	64	98	87	59	30
0	0	0	7	2	0	0	0	22	0	47	29	34	6	31	36	64	91	127	155	132	55	91	54	28
1	0	0	26	0	22	8	21	32	37	56	125	137	152	159	106	100	64	78	130	110	169	176	52	0
1	0	54	43	44	89	77	74	26	0	85	83	173	190	163	172	177	115	56	84	85	113	142	123	27
0	16	5	12	40	30	0	7	16	60	82	82	94	42	64	36	98	86	93	89	81	38	84	69	54
0	0	0	1	2	0	0	1	45	47	50	110	131	143	133	82	93	73	119	171	184	201	134	75	45
0	0	19	4	0	0	18	0	22	15	75	3	40	0	0	0	40	66	50	95	133	54	54	31	32
0	19	0	22	1	9	17	25	37	58	70	86	70	69	38	52	50	48	88	148	145	100	81	35	20
1	36	31	23	43	118	61	69	65	0	110	139	143	106	102	112	80	88	77	171	72	99	63	58	77
1	0	96	26	0	10	21	5	0	0	56	107	180	208	257	218	74	139	105	138	72	72	100	79	12
0	8	24	0	14	18	4	0	5	69	5	93	132	75	59	48	103	80	131	121	134	74	59	42	13
0	0	20	10	0	0	14	12	1	29	64	50	112	133	28	31	110	42	42	72	123	130	93	27	0
0	0	0	0	0	0	14	18	28	34	88	61	89	129	133	154	186	152	118	162	58	65	67	53	36
1	23	0	59	27	0	31	43	39	0	46	91	112	142	123	104	96	41	58	110	107	105	92	129	70
0	0	5	3	17	9	43	20	39	32	46	29	64	57	64	90	113	64	22	72	86	16	59	0	0
0	0	0	0	0	4	0	11	64	71	91	133	29	6	50	78	47	71	111	81	63	67	67	22	11
1	0	15	24	42	39	31	39	44	81	92	138	139	170	138	165	89	122	96	104	131	95	121	124	109
0	20	0	8	7	0	0	0	16	25	60	100	110	106	132	93	101	83	129	56	69	123	80	62	9
1	91	54	54	71	0	0	71	0	24	103	152	159	198	155	99	73	53	37	37	101	127	118	56	43
0	0	27	0	0	0	0	0	42	72	81	81	98	79	48	20	76	0	40	80	54	74	97	70	44
0	0	0	0	0	7	0	66	32	0	5	7	44	0	35	0	55	35	21	91	96	62	54	21	2
0	31	25	5	0	0	9	38	49	32	55	100	91	100	132	72	113	86	61	89	5	5	43	18	0
0	0	0	31	0	0	3	0	30	92	98	98	120	99	84	41	31	129	162	157	90	97	83	59	17
1	16	20	32	27	76	85	82	48	17	0	86	137	160	127	45	91	20	1	63	75	111	112	108	74
0	0	0	0	40	22	48	0	7	44	122	22	0	43	53	0	11	20	63	104	64	58	57	26	25
0	0	1	38	16	7	0	37	45	20	63	68	120	54	20	0	102	83	117	106	130	120	88	52	56
0	24	5	11	28	23	6	10	0	24	72	83	53	49	40	53	102	87	85	106	23	49	58	35	20
0	38	37	17	4	10	4	52	44	9	52	73	61	69	54	56	64	62	78	106	81	90	96	70	15
1	10	43	42	53	54	41	34	39	106	127	160	153	175	180	149	163	68	72	39	86	173	138	54	39
0	5	0	0	17	0	0	31	30	69	86	124	146	113	48	22	97	73	62	81	55	106	73	47	34
1	0	20	57	66	40	25	0	31	47	83	190	180	219	185	138	115	68	80	108	97	110	38	0	31
0	16	15	0	0	16	36	0	0	22	33	85	66	59	65	95	127	166	182	162	114	122	108	18	38
0	3	0	13	25	27	64	0	0	32	57	70	140	110	108	124	76	76	49	59	85	115	130	86	49
1	0	16	22	78	58	13	49	11	0	85	69	126	124	201	161	75	64	95	164	73	190	181	101	11
0	8	0	0	9	36	0	4	10	11	87	42	47	77	125	102	113	111	110	88	15	79	72	37	28
0	0	0	0	8	0	2	0	8	21	47	42	24	47	76	84	104	99	131	73	48	112	76	38	33
0	5	38	37	27	0	0	27	0	43	97	104	115	157	197	99	114	52	0	66	3	5	47	8	23
1	11	37	15	45	81	88	64	40	41	0	80	125	231	206	194	224	131	182	122	91	114	111	76	9
1	10	21	15	36	39	68	82	44	35	83	152	159	124	138	198	172	106	105	44	129	125	90	76	27
0	0	0	24	25	31	0	0	0	42	58	76	113	67	37	38	123	91	48	77	94	102	83	52	4
0	32	36	0	0	0	8	17	11	39	25	111	128	87	33	21	49	68	19	123	100	128	89	27	10
0	0	27	11	0	23	0	59	109	51	0	41	97	94	82	48	124	46	78	116	32	20	25	39	0
0	15	20	25	10	10	0	43	0	25	58	9	92	104	64	10	69	94	120	119	93	7	21	17	0
1	50	58	29	43	57	0	0	73	49	13	84	110	139	136	199	131	75	80	134	152	110	74	21	32
1	29	59	0	13	0	0	6	0	0	38	137	190	171	86	101	39	61	30	101	99	111	124	116	49
0	39	5	2	8	17	38	41	31	21	55	143	204	115	59	43	42	49	103	33	37	44	53	51	44
0	8	1	0	0	0	50	22	7	21	57	7	37	0	34	33	84	134	117	99	78	111	86	23	13
0	0	12	24	4	33	13	46	45	38	80	90	127	23	22	33	78	74	86	114	86	0	43	16	19
1	0	16	10	103	15	40	37	16	27	37	135	151	165	158	140	143	102	133	161	55	36	30	103	18
0	0	8	0	0	3	23	42	25	28	28	45	112	44	61	49	68	87	173	144	120	68	67	30	44
0	0	15	0	0	0	44	34	30	42	109	103	0	21	42	34	76	86	94	91	114	73	33	1	0
1	5	84	65	32	0	0	0	28	37	68	109	135	147	145	82	120	69	70	53	96	131	121	89	57
0	1	2	1	3	0	65	1	15	0	42	0	14	0	42	24	39	43	101	107	2	0	70	52	54
1	100	80	48	17	58	0	56	56	0	48	158	156	186	254	192	163	118	150	158	141	133	116	89	126
0	0	0	0	0	42	55	0	18	31	136	119	103	90	48	101	130	68	97	105	99	67	60	35	23
0	0	0	9	0	12	0	7	18	61	87	83	87	156	63	56	137	129	148	108	84	60	61	21	1
0	0	15	30	11	16	27	5	17	0	47	95	54	72	144	110	84	77	178	160	127	98	91	56	44
0	4	0	7	36	23	14	0	0	107	71	132	114	97	28	33	53	58	74	23	13	35	40	21	14
1	50	51	39	32	96	68	69	33	27	7	108	138	187	194	173	168	84	71	186	169	149	116	78	73
0	0	9	0	0	0	0	0	22	39	79	49	39	0	79	11	80	49	90	100	100	106	84	56	11
0	3	2	0	0	0	49	34	67	60	126	128	86	75	72	66	117	110	105	42	56	7	0	29	21
0	0	0	8	0	0	0	0	0	0	83	83	3	59	65	37	36	35	67	92	72	30	48	39	11
0	0	0	0	0	0	28	16	11	35	33	66	72	65	97	65	154	170	177	157	99	134	82	51	28
1	0	15	0	46	47	9	18	9	19	16	38	51	104	120	121	145	46	91	100	35	147	146	114	155
0	0	0	0	12	33	67	74	92	71	84	124	122	119	98	29	78	126	111	141	82	94	78	40	41
1	0	44	43	48	79	79	42	24	88	96	90	128	141	143	128	128	80	131	117	136	208	141	108	110
0	0	43	17	0	4	8	18	29	124	122	99	79	71	75	73	105	81	98	110	48	13	37	16	0
0	2	17	2	0	8	27	14	34	40	73	132	83	146	99	111	148	68	36	64	12	37	51	43	36
1	0	60	130	46	25	25	44	41	37	67	74	192	204	179	152	112	146	113	96	195	150	161	182	124
0	20	18	12	10	0	14	76	69	110	145	111	61	144	141	107	144	140	149	121	77	70	52	40	59
0	16	22	13	0	0	37	12	19	16	0	38	58	58	38	30	2	35	10	55	132	188	97	38	24
0	0	0	0	0	31	3	0	0	21	55	90	0	31	34	0	66	0	0	84	47	49	58	57	31
1	18	55	73	65	4	24	50	83	54	77	158	165	232	208	173	111	72	67	99	60	87	132	119	65
1	0	19	28	33	0	0	69	30	26	65	122	180	146	158	136	145	34	55	82	110	136	109	74	58
0	0	0	0	0	0	13	8	27	26	59	25	17	5	0	23	105	140	211	164	113	71	69	32	0
0	43	28	9	7	30	52	30	100	82	38	82	158	103	44	36	116	72	85	117	128	141	101	57	20
0	1	0	0	12	0	0	0	25	54	75	86	121	128	93	59	9	136	105	111	46	113	79	35	42
0	4	0	0	9	11	76	11	0	81	66	85	84	137	103	79	91	101	98	153	110	129	84	53	32
1	43	33	0	52	45	37	31	16	63	78	60	104	133	171	154	74	47	60	97	132	133	68	88	29
1	11	55	44	43	0	4	8	73	72	101	135	150	158	199	142	182	158	174	173	152	100	116	95	50
0	16	41	4	10	14	0	0	26	0	16	17	97	152	119	84	173	123	139	110	22	124	88	71	68
0	8	0	7	17	7	36	99	62	52	85	109	47	45	55	49	83	75	55	54	57	67	59	25	16
0	0	0	0	0	10	0	2	12	42	68	88	35	22	63	88	86	87	34	58	52	23	31	19	8
1	16	26	115	136	154	30	54	37	68	59	117	150	152	195	178	141	69	99	108	177	158	118	101	51
0	0	18	7	9	0	0	12	17	15	3	0	14	44	104	45	92	70	55	78	130	92	34	0	3
0	0	11	27	9	39	15	46	35	0	119	76	34	82	41	31	117	29	60	174	56	131	97	82	59
1	0	43	60	82	59	23	22	47	0	58	106	106	136	182	140	141	100	83	148	173	190	154	119	98
0	0	0	0	0	8	26	21	50	0	47	109	73	100	90	78	82	107	87	85	64	65	16	50	26
1	5	0	0	0	22	0	0	0	0	42	166	92	90	105	146	122	112	61	121	113	93	110	87	44
0	1	0	0	16	17	14	11	16	80	108	108	78	151	115	79	79	78	79	73	135	76	80	18	0
0	4	0	11	4	27	6	34	74	74	34	92	81	101	120	58	103	73	88	169	102	94	38	39	0
0	25	0	0	0	0	0	4	0	17	102	85	136	77	58	37	38	57	73	63	66	63	48	38	3
0	3	0	0	15	0	13	40	45	38	41	82	74	45	103	88	156	90	94	119	75	0	26	24	5
1	14	51	14	9	29	14	0	67	47	56	83	116	200	168	156	155	119	84	64	136	150	138	41	37
0	0	0	0	0	0	27	72	12	95	49	75	100	50	62	62	65	87	155	134	140	140	109	31	17
0	15	0	0	0	0	15	0	66	47	63	34	111	82	23	19	99	84	97	144	97	53	59	29	16
0	11	0	0	4	0	85	23	2	32	78	117	55	23	54	71	56	98	138	67	61	41	19	39	31
0	0	9	0	30	0	0	26	65	16	52	119	83	86	89	41	89	44	68	124	48	51	28	23	5
1	12	20	59	134	99	13	0	38	0	14	93	182	176	178	195	133	154	97	167	154	160	191	112	67
0	0	12	0	0	0	10	63	57	5	62	161	190	88	70	0	67	34	63	65	64	35	67	54	24
1	0	11	0	31	33	43	32	31	69	93	101	124	135	196	137	123	164	31	117	122	185	88	95	54
0	0	16	0	5	10	0	0	40	0	48	56	41	42	65	61	75	51	78	103	74	82	61	63	36
0	0	0	0	14	51	0	28	11	4	103	47	117	137	24	31	77	48	89	153	99	76	72	59	49
1	19	8	21	23	0	0	76	16	12	27	148	156	194	199	89	73	29	117	145	123	102	103	100	0
0	0	1	0	0	16	12	29	21	95	96	96	99	120	82	97	95	32	14	36	0	16	13	17	0
0	0	36	26	12	20	6	17	20	22	107	56	79	93	63	47	53	29	143	74	35	44	73	30	26
0	0	0	6	6	48	22	9	14	44	68	99	102	22	63	54	43	68	101	128	88	109	116	64	50
1	31	26	0	32	22	21	0	26	35	79	134	141	101	118	140	83	73	84	72	108	178	137	100	65
1	11	0	0	74	88	32	29	0	0	15	118	125	108	148	188	94	127	185	163	169	149	164	107	17
0	30	21	0	0	0	43	0	1	24	108	145	135	121	87	56	119	151	169	176	131	117	93	75	35
0	0	0	0	19	8	0	36	0	0	49	84	139	78	78	3	88	127	82	88	73	52	47	31	13
0	0	0	7	0	17	7	8	22	20	12	38	0	0	37	15	44	46	80	113	77	131	83	44	52
0	19	24	26	7	12	35	0	38	52	65	6	47	58	48	52	132	105	107	109	61	59	73	73	28
1	24	26	27	24	0	17	37	34	21	63	173	184	212	191	177	145	103	109	98	80	166	77	71	73
1	32	0	0	21	15	83	63	20	23	0	94	136	137	156	75	91	84	75	70	86	178	144	77	74
0	0	10	23	0	0	10	0	7	26	41	65	75	73	16	48	90	108	77	79	58	84	30	0	24
0	0	6	7	0	25	43	57	0	22	53	65	70	50	39	47	144	137	130	85	59	56	85	8	27
0	21	9	2	7	11	4	0	2	15	48	69	148	88	11	16	108	111	96	106	5	80	72	51	28
1	0	16	17	0	20	6	15	25	87	172	146	174	176	164	167	84	45	120	175	140	136	116	142	75
0	26	23	45	8	4	31	20	32	74	116	34	24	43	48	41	81	74	51	83	13	56	95	62	28
0	20	1	0	0	0	56	36	24	80	72	84	102	77	43	54	108	99	86	107	89	76	97	50	32
1	9	76	67	66	48	37	29	66	0	46	165	140	109	179	132	112	126	116	120	118	60	58	117	124
0	0	23	0	6	2	31	32	26	30	25	77	11	35	107	77	127	123	143	97	55	28	43	30	27
1	22	50	4	32	71	11	25	92	35	67	119	145	130	162	151	216	127	141	142	112	175	99	31	40
0	0	33	21	16	0	9	18	57	0	58	53	99	42	29	56	154	152	96	171	112	159	110	49	31
0	0	0	1	0	1	0	0	43	51	50	90	74	63	56	80	104	70	115	77	57	60	63	54	45
0	0	0	20	0	34	42	73	14	19	57	30	54	68	90	109	161	116	138	117	66	130	97	46	33
0	20	12	0	0	19	16	0	68	68	73	61	84	83	98	0	50	30	63	89	94	91	48	33	0
1	0	0	23	15	47	62	116	73	12	57	100	182	202	142	137	80	52	15	71	111	161	96	136	75
0	0	16	20	20	7	0	0	66	40	66	32	57	72	85	75	9	39	44	14	39	49	46	39	23
0	0	17	0	0	16	0	5	0	0	47	41	71	35	117	53	102	128	92	103	23	10	71	76	27
0	0	0	13	4	21	0	18	27	59	81	25	51	4	39	22	49	107	77	48	23	109	71	54	29
0	41	7	7	10	16	37	22	3	35	10	74	68	35	75	57	128	119	106	141	96	87	97	30	0
1	0	18	33	0	34	57	42	19	16	0	93	167	159	157	170	85	47	11	119	128	114	138	91	65
0	26	17	0	9	10	9	16	30	68	70	72	83	95	68	0	78	64	171	127	75	72	52	53	49
1	0	7	19	0	8	9	0	0	0	55	115	132	137	195	190	141	86	102	98	97	117	100	84	24
0	0	8	0	0	8	0	4	27	0	47	94	101	65	57	86	122	154	185	159	116	115	89	53	25
0	0	9	12	3	0	0	4	49	38	33	103	94	69	67	70	38	52	68	139	126	46	51	4	22
1	47	66	57	53	48	41	18	123	76	55	143	165	151	158	172	145	80	14	45	30	122	128	112	36
0	0	0	0	0	0	0	0	9	26	60	0	6	105	107	35	79	43	55	74	78	35	48	55	32
0	20	0	25	11	0	0	0	0	21	54	105	74	0	35	40	81	114	95	87	29	27	27	40	2
0	10	19	13	0	0	0	0	9	60	49	73	81	35	9	26	117	95	105	105	82	11	36	23	0
1	10	11	27	0	20	18	60	49	46	105	54	125	75	104	116	138	12	61	136	151	80	87	111	54
1	0	17	62	29	31	30	74	48	48	79	84	125	201	184	147	183	110	88	92	96	187	151	110	73
0	0	0	0	0	18	0	23	47	0	9	116	74	111	90	65	84	64	100	93	47	45	90	43	47
0	0	0	2	15	0	0	26	0	21	66	75	62	57	83	25	77	64	86	105	99	93	66	48	0
0	28	12	7	0	0	0	7	18	9	98	60	90	88	96	52	140	130	134	197	149	115	85	23	32
0	0	0	1	0	4	31	6	94	52	93	103	92	83	6	30	97	102	72	161	129	65	58	33	19
1	14	32	34	19	0	17	32	0	0	51	141	136	128	186	186	81	51	44	42	25	58	32	55	64
1	0	0	48	49	49	72	42	68	44	83	107	134	156	148	123	89	52	83	117	103	96	135	49	122
0	0	6	34	4	1	24	0	0	54	59	73	96	91	80	21	150	107	114	135	146	115	116	69	5
0	12	3	18	0	0	0	0	12	0	102	89	100	71	22	26	76	83	44	4	26	71	70	58	34
0	0	18	3	5	0	0	0	0	0	68	34	24	50	99	41	88	66	80	92	42	48	38	29	0
1	0	21	29	83	126	28	39	6	0	119	134	162	122	206	217	188	114	140	176	150	163	124	62	38
0	0	10	2	0	21	60	37	34	31	122	124	133	14	81	34	92	87	123	54	56	49	47	28	0
0	0	24	19	0	0	0	2	45	23	53	71	155	111	72	34	84	136	170	143	151	104	67	52	25
1	0	21	24	65	60	66	57	44	35	40	105	128	194	141	135	122	124	188	189	100	117	122	96	64
0	0	6	0	6	8	2	17	33	0	32	63	43	122	77	74	134	22	41	59	0	0	6	6	0
1	0	22	0	40	30	30	0	37	26	91	78	137	147	117	88	100	55	13	80	190	157	167	116	118
0	0	10	44	0	37	47	38	25	58	17	0	40	32	59	29	104	80	33	68	55	60	68	32	40
0	0	0	0	0	17	15	53	47	0	43	89	90	58	44	114	53	17	3	33	13	29	54	28	19
0	0	6	10	13	15	0	16	3	0	25	8	54	25	81	69	75	76	90	105	99	97	66	67	7
0	0	0	0	0	12	8	0	35	133	154	58	113	85	127	65	143	129	143	137	80	43	18	0	15
1	3	16	16	42	86	93	8	20	23	63	140	136	177	239	142	147	96	106	184	145	199	91	7	0
0	23	9	0	0	0	0	6	7	0	37	64	0	63	65	0	95	88	59	88	2	63	62	39	28
0	0	1	0	0	4	18	104	61	80	99	127	132	65	61	0	17	67	118	129	91	97	86	43	9
0	2	6	2	0	0	0	0	0	45	117	76	72	131	133	58	88	96	141	113	60	71	50	48	20
0	0	8	6	9	0	33	18	7	15	71	59	39	0	54	0	0	38	93	153	98	122	57	38	16
1	77	124	60	0	30	51	16	38	20	44	82	120	139	164	140	134	119	98	141	126	52	65	80	19
0	0	14	28	18	33	8	0	0	20	51	80	36	70	151	130	154	95	143	131	37	37	53	24	28
1	10	104	12	54	87	119	32	29	21	124	131	116	127	111	120	105	67	34	91	118	135	116	70	1
0	0	0	0	0	4	0	17	32	39	30	0	0	39	86	41	86	37	50	93	56	63	75	46	30
0	22	20	6	0	0	57	0	2	28	115	95	102	64	98	86	57	91	70	83	49	49	53	43	28
1	0	0	0	53	58	85	58	114	87	105	226	196	150	99	117	96	42	26	148	200	132	121	57	118
0	0	13	0	4	3	39	12	80	107	100	80	78	71	64	35	83	40	58	129	136	177	102	59	26
0	1	33	0	0	0	0	0	15	0	50	94	58	55	56	18	91	71	34	73	95	131	74	12	33
0	0	0	1	31	5	0	3	19	30	62	102	97	26	25	0	75	29	82	118	137	94	96	58	36
1	90	58	37	33	38	60	13	61	54	91	89	134	149	136	88	73	58	66	104	188	156	136	100	65
1	10	3	41	50	34	22	27	29	3	68	163	97	133	180	134	76	0	94	83	103	69	32	5	0
0	10	27	3	27	0	34	15	56	0	116	118	47	18	88	42	109	116	86	98	64	110	55	26	35
0	6	14	18	11	0	2	7	30	49	82	84	119	100	92	53	68	15	78	133	79	20	30	26	25
0	0	0	0	5	23	0	6	0	12	59	77	34	67	58	83	113	87	148	140	96	70	71	44	53
0	0	34	39	49	30	16	13	22	0	52	89	96	43	57	47	90	114	108	113	86	91	52	10	0
1	0	28	53	0	1	72	59	101	38	74	185	225	192	117	122	42	41	63	95	89	72	166	149	20
1	6	19	0	13	48	78	40	51	41	8	124	80	117	122	112	110	38	135	135	130	103	47	68	16
0	3	0	8	0	0	0	58	31	22	0	47	48	54	123	135	125	96	85	91	119	107	84	59	9
0	21	10	0	1	0	0	0	95	81	112	88	97	40	127	96	180	126	115	81	60	45	51	30	15
0	0	0	0	23	16	16	18	12	69	28	75	72	0	6	0	106	87	94	69	61	87	91	71	45
1	0	68	54	13	68	58	52	109	43	52	101	129	219	193	123	137	94	78	75	78	118	125	73	90
0	0	0	13	12	19	26	18	9	72	125	99	95	20	12	20	89	70	146	152	143	100	86	52	13
0	6	0	0	0	0	24	0	0	31	24	40	93	91	169	79	163	152	119	164	105	28	41	28	23
1	0	46	33	110	78	52	18	30	117	113	117	148	159	154	125	129	103	92	67	83	107	152	134	75
0	0	0	0	0	7	0	16	6	0	54	16	93	97	87	97	115	124	160	59	62	37	52	38	32
1	7	22	39	88	93	88	31	88	39	71	142	172	194	123	95	131	78	58	144	98	82	98	67	0
0	0	9	5	38	9	57	37	10	0	58	157	150	96	133	117	125	110	169	143	120	83	98	59	35
0	16	7	0	3	8	26	22	10	24	7	43	68	53	62	92	125	112	102	173	96	33	37	35	7
0	0	15	0	2	32	23	17	60	30	42	70	50	85	35	36	84	110	82	83	69	96	75	42	25
0	0	12	13	2	0	17	12	0	0	65	59	70	26	32	59	133	117	170	133	90	0	22	16	0
1	7	47	3	19	0	22	65	93	64	66	167	93	119	94	115	100	50	54	75	108	147	139	86	153
0	11	0	0	27	11	0	0	0	21	48	74	118	72	79	72	47	58	103	80	72	83	73	12	2
0	0	12	27	20	0	0	0	17	0	26	55	55	103	169	163	236	137	117	109	165	155	103	41	47
0	0	3	0	21	0	79	24	66	56	105	81	48	93	81	56	111	136	116	123	154	132	89	96	51
0	0	0	15	7	14	0	4	30	72	121	74	74	94	85	60	152	52	48	17	13	27	41	36	39
1	12	20	16	23	20	28	81	113	82	86	89	43	139	153	113	121	86	58	115	121	116	110	66	54
0	0	12	15	6	0	0	0	0	21	47	111	119	98	63	24	86	66	79	98	82	73	68	37	36
1	0	17	33	40	31	67	95	105	85	123	168	204	167	134	139	124	142	112	123	35	88	78	0	65
0	0	22	13	22	9	0	9	64	11	55	73	56	52	81	57	88	64	56	41	45	85	40	32	19
0	0	0	0	23	15	12	12	34	80	149	140	81	95	84	34	90	66	64	98	90	50	15	13	0
1	40	72	43	16	0	48	55	53	71	103	148	198	246	150	66	118	84	113	128	147	124	138	92	71
0	0	29	15	2	3	0	0	2	27	62	117	96	76	8	0	62	73	68	101	73	27	74	21	15
0	10	13	22	12	0	0	6	30	39	50	80	119	55	19	62	106	85	88	121	87	74	55	29	18
0	0	4	0	0	0	0	0	24	60	90	17	3	81	50	19	32	48	29	65	59	41	54	49	0
1	39	42	18	16	41	47	0	22	26	56	137	185	147	144	132	168	109	101	113	124	36	44	147	63
1	0	26	77	36	99	0	50	7	26	62	135	150	97	113	71	92	51	3	41	94	92	72	82	80
0	13	35	59	27	17	75	39	22	0	125	32	66	100	116	126	92	41	139	165	114	122	110	67	30
0	0	0	0	2	10	0	0	0	26	120	186	124	93	120	120	84	38	55	161	46	85	50	33	0
0	0	0	0	3	29	68	51	27	80	30	42	30	80	139	83	119	117	97	87	66	85	108	63	47
0	0	6	0	0	13	51	24	0	14	57	75	35	47	90	125	59	46	36	93	0	20	32	37	22
1	0	78	87	95	92	16	0	75	21	31	70	29	87	142	108	97	62	93	125	135	145	138	148	84
1	44	7	16	96	45	32	47	26	14	67	80	167	160	163	182	190	122	46	174	144	137	111	89	113
0	41	19	4	0	10	0	0	0	49	55	21	0	0	110	44	0	35	86	126	84	0	38	22	9
0	0	6	8	0	0	0	30	0	9	59	79	86	64	67	52	111	90	105	128	111	81	116	72	50
0	0	3	0	0	7	9	0	18	22	49	81	99	93	42	0	78	74	90	86	91	31	43	31	39
1	0	31	30	39	37	33	36	65	0	50	126	152	173	178	152	111	125	99	117	82	67	128	110	27
0	0	0	0	10	1	23	0	4	21	68	86	58	19	36	7	110	22	62	89	12	83	68	42	15
0	0	0	0	0	0	0	0	45	0	51	85	85	75	68	40	102	90	76	92	73	145	100	62	15
1	11	20	19	71	115	51	55	83	76	104	175	175	188	177	153	154	99	89	53	34	84	131	107	4
0	23	18	29	13	4	0	67	87	91	145	153	79	73	0	99	30	56	120	119	30	0	34	29	17
1	22	68	18	5	24	0	0	0	12	29	115	121	67	165	165	151	87	50	135	154	146	137	108	39
0	14	17	48	37	13	5	0	3	87	88	70	68	120	106	36	118	99	136	98	80	78	64	42	31
0	0	23	13	13	0	0	0	2	22	61	77	141	100	88	67	86	100	94	96	111	86	77	65	3
0	24	12	6	7	0	0	0	29	93	26	117	101	66	92	68	102	73	123	114	113	83	80	46	21
0	0	0	0	0	0	5	0	0	0	0	31	14	43	94	0	32	17	0	74	75	64	84	43	31
1	69	50	111	13	81	0	35	0	0	54	111	194	131	81	106	117	36	0	72	84	114	59	107	141
0	0	0	0	6	0	0	11	28	13	91	94	63	72	87	55	150	102	133	100	147	81	76	38	44
0	0	0	0	4	6	7	0	0	23	65	77	80	60	70	3	140	56	44	37	25	60	61	49	34
0	0	0	0	26	0	23	49	50	27	59	86	85	72	70	38	102	29	79	77	76	88	29	24	21
0	6	7	3	2	16	17	15	19	96	80	108	143	165	73	47	65	78	148	143	59	11	75	75	38
1	37	91	58	99	0	0	0	0	12	33	79	51	73	122	87	35	49	72	65	91	29	77	106	56
0	6	0	0	0	36	30	80	77	0	53	84	114	95	125	16	141	109	150	144	117	68	56	66	50
1	60	23	0	3	0	32	0	64	4	45	56	166	168	211	235	158	89	78	67	103	131	131	114	7
0	3	19	1	0	0	0	0	0	36	64	100	41	38	39	54	136	148	111	120	65	113	79	50	27
0	0	0	7	0	0	0	30	58	52	104	88	85	126	122	75	108	177	142	149	116	0	67	46	0
1	2	35	81	61	29	0	0	79	34	54	137	158	104	65	146	134	57	59	90	100	117	96	88	81
0	0	3	13	11	1	52	40	81	93	10	98	146	92	114	133	155	100	90	150	50	146	94	54	29
0	25	10	0	0	0	0	49	57	79	112	97	77	55	44	38	81	63	152	92	128	130	123	58	35
0	0	0	0	0	0	0	19	0	28	126	96	131	111	53	31	98	74	102	98	77	17	58	37	19
1	0	0	8	29	4	56	0	0	85	124	111	131	78	82	92	100	57	64	137	145	156	122	119	130
1	32	41	103	67	43	0	0	27	0	40	106	139	172	164	178	211	170	92	121	122	170	141	137	153
0	0	0	0	0	0	0	46	63	64	84	64	19	116	54	56	107	111	118	137	144	169	122	82	42
0	13	38	36	26	30	45	51	37	0	3	57	50	26	0	13	75	74	95	56	64	69	84	52	45
0	11	9	35	30	0	0	43	23	60	89	97	94	63	79	29	173	45	83	108	132	88	66	26	17
0	0	0	11	0	0	3	0	45	15	79	0	38	57	63	17	7	16	95	102	81	41	42	20	12
1	19	36	9	37	48	49	89	60	25	94	130	130	215	230	157	53	59	89	116	167	127	76	55	41
1	0	0	69	0	19	56	104	52	50	22	104	140	188	179	154	130	93	63	125	110	60	83	72	44
0	0	33	14	4	30	12	27	27	0	67	82	117	25	46	69	149	97	113	180	101	102	84	63	33
0	1	0	0	22	0	0	0	0	37	14	37	55	31	94	67	142	30	85	69	81	61	56	39	22
0	0	21	15	29	0	0	0	0	52	100	71	47	106	117	96	100	53	123	149	96	81	86	55	44
1	0	0	23	0	0	41	45	35	52	79	100	121	67	110	83	92	72	83	128	165	221	175	206	85
0	0	0	18	0	0	8	7	16	8	21	99	91	29	0	18	53	56	111	140	97	54	101	50	44
0	0	0	0	0	0	0	0	31	16	75	36	62	106	45	14	55	65	89	97	40	89	62	33	9
1	1	7	20	31	27	75	108	54	57	82	165	160	135	189	186	193	126	103	58	88	95	117	92	37
0	3	0	5	3	0	35	0	1	0	13	48	44	16	26	25	86	80	43	60	78	85	72	76	14
1	43	37	99	55	33	49	51	46	18	16	49	98	177	167	140	123	37	96	118	117	77	88	124	103
0	16	9	3	17	11	0	0	0	0	9	6	95	108	96	58	156	135	111	149	120	16	22	19	19
0	0	28	0	0	10	0	0	27	0	0	28	74	63	13	51	13	60	87	114	43	55	32	17	17
0	27	19	20	0	22	8	42	48	70	34	61	0	0	15	0	56	0	83	108	22	47	101	59	36
0	26	11	2	0	1	18	11	39	64	80	123	84	99	117	81	108	88	56	85	70	45	92	76	48
1	58	94	31	41	111	94	79	61	0	41	153	165	247	220	203	163	104	79	108	124	205	154	138	88
0	0	0	0	0	0	0	37	51	40	60	38	58	127	115	119	36	54	69	93	138	82	72	44	0
0	0	13	0	1	0	0	51	43	69	60	98	100	141	190	126	113	74	85	117	96	88	68	64	58
0	0	0	12	13	5	56	0	43	31	131	115	94	87	106	59	84	78	97	128	92	74	82	27	0
0	35	40	29	15	0	18	0	87	85	176	156	79	68	99	68	69	66	104	65	70	70	45	27	30
1	13	0	50	75	76	17	0	0	37	79	120	126	143	124	126	119	79	64	153	142	143	120	102	106
0	9	0	0	15	18	0	2	32	2	68	69	84	50	90	60	97	13	70	88	30	60	91	52	26
1	96	101	62	56	35	55	55	56	30	51	105	62	115	178	153	120	21	11	86	108	149	71	72	0
0	45	38	0	8	1	0	0	0	26	61	57	88	77	26	47	128	137	148	162	91	72	92	57	33
0	0	0	0	0	29	0	57	58	45	79	90	144	177	119	84	128	81	98	106	103	77	26	42	11
1	0	41	40	28	47	82	89	29	56	35	109	203	208	166	142	124	4	43	88	203	188	104	103	88
0	0	10	0	6	0	0	28	40	44	114	76	32	32	45	82	117	107	155	132	24	15	27	37	8
0	43	1	0	0	0	6	40	0	25	56	65	31	55	59	46	109	67	56	49	31	21	11	33	15
0	3	0	0	5	1	40	2	0	75	137	124	146	35	67	54	103	81	90	116	108	92	69	54	0
1	52	15	0	41	95	74	116	29	11	47	131	62	127	172	168	123	84	154	136	144	150	96	62	19
1	0	0	2	66	54	21	7	35	0	3	66	66	101	122	118	92	51	69	145	127	122	91	43	29
0	0	0	0	0	0	0	2	0	19	92	95	100	16	35	45	81	59	59	82	61	119	93	78	5
0	0	0	0	0	8	3	0	11	28	100	121	90	75	75	62	97	77	115	145	124	87	68	43	30
0	0	0	20	11	5	0	72	41	51	36	121	68	12	9	0	62	45	72	32	86	9	37	31	0
0	27	12	25	15	0	0	0	61	54	92	74	74	64	112	147	57	69	33	28	47	44	51	58	10
1	0	5	35	35	39	37	0	17	30	89	210	175	208	170	136	123	25	41	68	131	130	126	99	118
1	15	40	0	42	62	23	73	57	78	87	77	139	202	247	128	98	79	67	21	96	160	176	126	77
0	0	0	0	6	0	9	47	13	110	167	122	176	126	99	57	68	70	77	110	42	53	56	30	26
0	27	7	0	0	0	28	18	23	43	122	183	82	0	0	38	27	34	63	91	67	39	20	22	12
0	1	0	1	14	24	13	13	18	28	82	104	92	120	90	46	158	113	102	79	70	0	31	0	5
1	0	22	0	41	39	114	115	67	115	192	170	184	202	185	148	126	57	67	163	131	181	140	124	76
0	17	6	4	0	0	0	0	81	45	70	154	126	94	81	54	115	76	12	54	54	32	42	25	49
0	32	15	7	0	0	60	33	24	22	33	89	123	141	121	100	34	19	70	94	20	48	47	7	21
1	0	32	39	30	53	0	24	0	21	65	120	182	152	156	168	137	102	85	150	140	96	91	96	88
0	0	0	0	40	9	58	68	35	109	131	97	120	134	120	99	104	93	92	115	61	12	15	20	1
1	49	22	27	0	23	25	68	82	52	37	112	110	138	136	189	184	118	94	87	122	129	132	108	60
0	12	0	0	0	0	0	0	2	38	62	79	50	45	74	38	14	0	123	122	164	110	64	26	22
0	0	26	0	3	0	0	32	44	105	148	139	22	72	68	102	101	103	99	55	58	49	56	44	22
0	0	16	15	6	4	0	0	0	0	71	69	108	100	75	9	55	43	136	140	73	81	81	55	42
0	0	8	5	0	0	10	2	15	17	50	110	139	51	84	83	93	96	83	82	105	74	49	33	18
1	59	64	48	58	20	60	49	37	39	78	142	167	145	185	176	183	43	56	66	98	79	147	60	34
0	0	0	0	0	3	0	0	6	53	79	124	104	38	107	52	103	74	84	79	69	45	49	33	17
0	0	1	0	13	0	0	6	0	0	19	49	53	72	74	12	52	65	0	63	72	90	59	28	0
0	19	18	7	45	2	29	0	25	65	14	0	0	0	38	48	73	71	87	129	67	63	73	48	41
0	14	28	0	0	0	0	6	29	36	68	78	125	33	89	59	112	80	96	78	0	0	28	42	9
1	22	12	0	64	0	0	12	38	34	0	51	64	32	129	197	143	106	108	136	148	193	119	102	74
0	0	0	43	27	50	74	54	48	0	114	127	89	57	58	61	130	84	93	116	33	68	54	42	32
1	12	17	45	35	70	77	100	67	45	40	83	116	131	100	116	119	74	60	111	127	155	166	110	39
0	0	0	0	14	0	11	0	0	21	57	76	79	76	70	39	150	139	204	186	154	104	62	42	61
0	7	0	0	0	0	0	15	31	0	73	86	82	32	95	68	92	16	103	81	41	25	13	10	3
1	0	11	47	81	55	35	0	0	1	56	133	169	135	131	98	116	101	106	116	148	82	142	156	173
0	0	0	1	0	0	0	42	27	130	137	114	122	97	146	87	126	128	111	106	80	147	106	63	56
0	0	28	0	0	0	0	0	0	36	65	81	94	53	0	0	60	34	58	83	81	75	75	29	0
0	0	0	8	16	37	7	0	11	0	10	66	65	43	30	60	103	126	111	98	68	64	57	43	26
1	0	40	35	1	82	74	50	140	87	116	205	259	215	241	239	168	110	96	99	75	88	123	79	52
1	23	60	84	60	62	46	40	47	104	104	153	162	139	147	132	148	125	95	147	173	167	135	102	44
0	1	10	0	5	0	48	21	0	0	0	15	33	30	0	25	54	28	94	106	151	114	71	65	34
0	0	3	8	3	0	67	38	0	0	35	61	2	13	23	30	80	91	145	134	161	50	69	19	33
0	1	18	17	7	0	0	22	0	19	80	100	107	139	40	49	112	71	121	79	71	92	77	77	77
0	0	0	5	0	21	52	32	16	31	91	52	37	72	19	50	103	95	96	111	72	83	75	49	0
1	44	51	28	55	41	89	36	1	25	62	172	163	212	166	128	77	102	181	145	172	154	81	77	48
1	9	41	60	18	0	68	125	138	84	121	196	221	197	137	84	87	112	94	74	95	85	58	2	0
0	0	0	0	0	0	18	1	0	27	46	123	147	83	76	22	64	53	47	38	44	29	66	29	0
0	15	39	43	52	16	0	3	2	2	0	10	46	132	73	61	107	42	53	91	87	66	69	40	22
0	0	30	18	8	27	0	0	27	5	42	18	0	40	0	95	109	60	65	93	78	9	41	25	15
1	0	16	2	48	40	68	66	0	15	145	197	172	143	153	156	112	92	133	146	136	103	124	73	0
0	0	0	0	8	0	16	21	53	46	81	80	95	97	90	20	78	28	66	82	66	54	46	74	40
0	0	7	34	3	19	0	0	13	47	40	60	49	73	61	41	125	81	90	105	76	62	43	39	19
1	0	22	27	18	27	0	0	20	0	55	133	69	115	132	107	159	174	125	62	111	126	95	152	88
0	0	19	0	0	0	0	0	0	0	110	51	95	66	97	64	34	55	98	95	115	122	131	81	41
1	50	44	57	5	39	24	37	35	84	29	99	180	173	149	127	118	74	106	133	158	145	191	183	153
0	0	3	3	0	39	80	70	0	2	36	73	60	117	98	71	79	112	107	83	52	47	23	23	53
0	0	3	7	3	0	38	25	23	39	41	112	132	97	59	22	79	77	102	150	93	33	46	11	1
0	0	0	0	0	0	20	51	26	27	59	18	64	81	7	25	106	64	133	126	89	5	22	30	9
0	21	41	40	29	36	52	0	13	0	42	87	94	48	21	7	93	52	75	99	87	38	45	17	2
1	30	0	22	0	25	0	18	34	38	133	178	248	206	173	160	159	64	70	149	149	163	88	72	41
0	0	4	1	0	0	0	0	33	0	0	36	34	39	60	45	88	126	118	158	90	95	73	26	0
0	0	0	6	12	5	0	25	0	1	53	55	101	54	74	18	49	76	24	98	80	67	64	75	45
0	18	0	1	0	0	17	5	89	68	46	62	83	107	115	49	56	67	88	29	22	15	47	21	28
0	0	0	3	15	13	8	17	19	68	53	73	100	52	42	105	119	106	85	94	90	24	44	28	14
1	0	0	75	85	68	86	76	43	53	82	128	147	75	118	112	147	122	108	132	122	127	107	119	33
0	10	7	0	0	0	0	57	40	29	65	149	118	63	79	37	73	85	76	85	88	48	41	31	22
1	9	25	38	42	21	45	0	13	22	66	95	97	132	85	98	115	40	106	133	112	174	159	114	65
0	0	0	14	6	0	38	33	0	85	53	62	46	99	31	0	28	61	58	74	74	50	64	29	12
0	0	0	0	0	16	0	3	0	0	49	29	73	64	64	83	123	78	44	85	50	55	59	38	21
1	10	0	23	29	35	57	49	17	14	104	127	144	81	154	77	22	25	42	79	93	72	17	21	0
0	0	0	0	0	13	0	0	104	87	93	97	73	24	47	66	71	10	38	80	84	52	67	62	53
0	0	18	14	12	5	33	15	0	50	94	114	100	79	8	0	75	151	114	137	50	14	36	29	0
0	12	5	0	14	7	0	0	14	35	151	90	76	72	113	72	125	99	100	115	57	0	22	44	27
1	8	24	0	40	18	3	4	51	0	89	151	193	170	188	165	181	103	91	110	118	188	180	120	22
1	13	78	60	113	17	0	81	65	35	65	135	123	177	116	112	156	91	74	68	113	107	49	121	85
0	6	45	8	0	33	0	0	40	40	97	137	62	45	27	29	54	90	101	105	73	97	101	71	39
0	0	6	0	0	0	0	0	35	35	19	30	75	150	119	78	102	92	157	231	119	122	92	50	42
0	0	14	0	0	0	0	4	48	47	91	88	82	43	45	0	63	61	110	117	6	20	27	23	31
0	18	10	0	5	30	5	0	0	34	70	1	81	68	80	37	84	150	121	127	74	42	49	32	23
1	10	0	0	39	17	28	23	21	0	102	155	76	143	139	130	162	98	108	161	177	191	147	121	99
1	3	0	8	76	61	30	79	54	41	71	113	146	150	139	134	78	59	80	134	106	134	123	57	123
0	0	0	21	14	0	7	0	0	11	4	0	23	38	99	82	88	81	104	108	89	40	60	29	4
0	0	0	0	10	28	25	87	65	113	160	118	125	166	122	87	114	103	180	148	19	72	71	33	10
0	0	9	0	0	0	0	0	12	40	66	94	89	71	88	83	131	87	68	91	58	149	111	38	15
1	0	5	0	0	0	53	41	52	92	182	195	208	106	113	107	108	99	81	111	172	241	146	107	101
0	0	2	21	11	10	0	3	29	26	62	69	29	46	113	106	115	38	69	91	91	63	60	55	41
0	2	0	7	0	9	0	8	39	33	63	64	138	144	183	122	133	41	69	75	22	2	17	17	0
1	0	0	57	57	49	37	0	47	49	43	65	99	91	75	42	104	62	80	127	141	139	182	118	65
0	0	20	3	1	0	0	11	0	34	12	5	21	31	49	61	103	48	86	70	63	63	65	33	34
1	93	89	54	76	113	0	0	13	32	115	138	123	134	112	169	135	79	107	124	134	191	138	132	99
0	19	0	0	0	30	22	41	23	0	46	67	56	84	71	28	147	157	164	139	46	95	60	46	11
0	0	0	11	0	0	2	0	0	22	0	0	46	112	48	95	99	59	29	109	99	103	68	24	23
0	0	0	0	46	34	15	13	102	90	45	132	107	87	69	66	81	71	158	165	87	89	87	52	30
0	5	36	21	9	0	0	0	27	36	73	84	122	73	59	14	131	83	123	134	85	68	77	43	5
1	28	23	61	37	63	53	0	31	18	79	136	145	178	212	208	155	101	145	154	153	160	165	83	58
0	7	4	26	53	23	0	0	0	9	66	112	153	109	81	52	88	79	137	107	55	0	33	31	22
0	8	2	15	40	19	24	62	41	35	78	52	0	93	113	48	64	61	80	140	86	113	53	22	16
0	0	0	0	0	19	0	0	0	34	72	100	114	109	64	35	75	0	49	86	70	64	65	49	22
0	0	0	43	0	0	0	0	10	0	75	80	60	6	47	27	33	0	100	118	7	30	37	33	19
1	19	13	15	7	87	49	27	84	66	66	92	133	140	147	122	137	103	108	105	141	91	85	46	32
0	21	10	40	22	8	9	0	49	48	139	121	85	66	62	18	50	61	110	117	94	10	37	34	21
1	15	13	42	62	54	21	54	12	17	9	82	68	165	122	120	176	157	137	160	142	102	101	89	103
0	31	14	8	0	0	5	7	21	33	67	76	74	2	13	23	79	9	89	138	134	82	76	37	32
0	5	2	0	0	15	0	18	61	71	56	73	79	46	61	104	110	129	57	112	100	72	33	28	0
1	19	18	28	53	13	44	86	2	87	111	144	107	148	90	90	59	65	38	43	65	94	116	72	41
0	5	0	24	11	3	0	0	0	24	68	21	48	39	65	59	82	143	194	155	163	76	50	33	11
0	0	0	15	3	15	0	0	0	0	53	135	124	135	88	17	31	71	97	121	105	64	49	28	52
0	15	12	10	10	29	7	0	0	17	93	133	116	162	110	44	84	71	31	70	111	94	93	88	53
1	33	21	15	0	0	29	0	15	0	0	51	129	127	83	166	146	153	113	155	142	192	158	62	22
1	0	15	114	146	95	67	40	79	50	86	181	194	190	240	176	103	60	72	176	169	153	102	88	41
0	0	0	5	15	7	0	32	42	97	81	87	105	120	90	53	84	82	75	89	0	2	33	2	33
0	0	0	3	2	0	0	0	36	60	86	121	96	49	69	58	112	90	99	116	134	61	48	48	30
0	4	7	21	1	12	0	0	35	19	99	108	98	120	83	55	108	18	77	104	13	12	24	23	12
0	0	3	13	0	0	0	9	85	64	107	90	65	86	61	45	85	88	164	114	103	44	60	34	59
1	35	0	38	77	0	25	2	29	44	148	196	213	132	71	148	131	83	79	86	114	163	136	113	70
1	0	20	50	38	95	54	21	10	22	43	21	86	152	158	140	134	53	95	119	119	86	70	102	61
0	23	17	0	0	6	1	7	2	79	83	38	17	44	3	40	120	90	118	116	75	67	55	14	0
0	0	11	0	0	0	0	0	0	64	99	46	40	42	18	10	12	38	68	161	123	112	101	61	38
0	0	0	0	2	11	18	5	17	40	88	123	130	61	11	30	4	5	22	79	57	74	68	1	0
1	3	75	72	53	7	2	0	66	122	108	138	92	125	232	194	104	105	97	125	122	112	158	156	77
0	0	2	0	17	0	0	23	0	43	127	131	94	63	96	97	109	83	99	108	126	29	47	35	29
0	0	0	19	7	0	0	0	95	68	48	3	66	89	85	43	57	0	41	70	91	83	77	47	10
1	0	12	68	54	94	87	102	94	55	37	87	138	173	193	171	135	70	39	91	94	114	96	120	27
0	3	0	0	0	0	0	41	21	43	71	84	112	82	77	137	162	44	78	108	34	0	26	37	12
1	0	40	36	35	54	0	80	59	4	47	120	177	168	156	129	41	12	33	24	67	118	119	137	88
0	4	0	0	0	5	0	52	0	34	59	77	116	82	18	2	72	66	37	91	59	56	67	43	36
0	0	0	14	1	0	0	0	21	56	8	16	77	117	167	142	77	77	98	143	68	105	80	26	13
0	0	33	9	14	0	0	0	0	35	46	44	22	48	65	50	99	79	32	94	127	157	114	94	50
0	18	45	0	0	19	38	23	0	32	72	66	0	67	112	82	107	175	220	246	154	93	57	22	11
1	0	10	31	88	63	23	47	41	52	71	87	132	152	161	148	130	159	159	93	132	179	152	139	71
0	27	7	0	0	10	0	0	6	27	95	112	144	128	117	77	111	15	52	103	62	56	25	2	0
0	13	5	0	13	10	18	0	0	0	12	0	19	33	87	0	27	81	44	105	86	28	24	24	0
0	27	16	33	0	20	0	5	0	63	125	106	106	56	65	124	59	87	74	98	131	117	120	63	32
0	0	0	13	0	34	30	0	9	10	69	59	70	77	44	78	114	37	42	64	84	38	49	23	0
1	0	5	50	76	61	0	11	45	8	56	107	154	194	167	124	128	127	185	170	90	136	109	108	31
0	0	0	0	0	3	0	24	27	42	65	4	22	49	0	38	97	23	72	180	48	48	47	24	6
1	8	33	33	35	85	50	83	83	139	143	162	192	170	138	174	201	103	72	52	140	175	93	66	30
0	10	44	27	1	0	0	0	0	10	19	102	83	38	46	8	73	61	158	134	109	23	10	58	54
0	0	0	0	30	20	27	17	73	33	57	34	39	68	26	5	66	73	94	107	65	4	33	25	36
1	7	48	6	0	31	4	12	27	0	57	67	117	68	113	109	107	0	55	100	115	140	105	46	125
0	3	0	0	0	0	6	17	17	47	136	143	111	88	132	87	107	163	152	95	74	70	67	14	8
0	6	0	0	22	0	11	9	21	23	76	87	64	123	101	142	112	120	180	136	93	85	99	39	54
0	25	25	0	0	28	10	0	36	51	67	79	29	28	5	53	110	120	69	135	152	126	114	85	72
1	0	0	0	34	0	30	82	30	36	69	120	132	131	183	148	162	75	100	137	148	139	162	73	0
1	54	18	0	1	26	84	53	85	70	37	125	207	131	99	100	99	83	61	36	68	173	162	126	116
0	24	0	2	0	16	13	22	84	25	0	10	43	42	78	63	126	64	155	80	85	62	74	50	31
0	7	24	18	4	0	0	7	0	20	114	158	88	101	167	145	140	86	99	67	0	37	60	38	56
0	6	0	0	16	8	44	27	43	31	100	97	82	70	38	61	102	110	104	123	88	64	63	44	0
0	0	1	0	0	0	7	13	0	35	132	125	127	147	58	51	152	167	58	93	47	115	90	46	23
1	12	46	42	59	25	16	1	0	13	61	115	157	156	156	115	151	161	145	125	185	166	136	164	86
1	12	5	20	13	39	52	26	78	59	85	157	172	157	157	215	161	122	91	154	52	127	109	77	139
0	0	0	0	6	37	76	61	33	37	73	64	18	39	32	55	128	69	88	62	17	5	14	8	13
0	0	0	0	7	5	10	15	5	0	30	64	43	0	35	10	89	79	145	115	31	13	25	0	0
0	4	5	0	0	8	8	0	0	13	42	76	132	92	112	71	98	141	136	201	89	122	91	37	4
1	20	0	28	43	70	16	0	13	8	0	93	121	137	194	139	81	102	86	152	110	117	150	108	95
0	0	0	22	16	0	0	4	10	29	17	22	25	44	91	57	35	0	34	67	51	56	58	37	22
0	0	0	0	28	8	0	0	10	91	67	83	80	61	63	76	156	112	70	143	131	98	83	45	25
1	55	46	61	55	39	0	8	23	0	16	101	70	40	124	172	137	94	45	128	129	111	166	113	54
0	1	42	0	0	9	5	0	3	21	79	88	75	127	98	82	61	77	104	106	107	61	56	44	28
1	17	46	20	87	59	29	68	94	79	74	140	128	165	141	134	149	39	9	92	114	123	112	34	24
0	0	0	0	0	0	94	34	2	13	89	114	126	96	76	76	199	134	133	161	120	91	80	49	34
0	2	23	13	22	31	0	67	28	34	87	84	92	36	3	22	105	157	96	110	91	39	17	23	0
0	0	17	6	14	26	27	28	13	31	64	77	36	64	91	126	129	123	136	120	134	166	115	65	32
0	4	2	13	0	10	6	4	21	33	96	119	136	108	4	0	61	121	105	111	91	113	100	49	26
1	24	40	22	14	25	42	50	43	78	83	133	139	214	222	144	190	114	106	159	146	140	121	149	91
0	15	4	0	16	0	51	83	90	35	65	82	86	88	114	84	124	140	194	167	43	11	0	9	0
0	15	6	13	11	0	0	0	0	65	24	130	26	47	39	0	60	68	70	89	119	52	48	50	20
0	6	14	0	19	8	0	0	10	0	65	105	95	119	146	58	88	60	88	67	42	48	61	56	50
0	21	18	11	0	5	53	113	45	40	28	50	94	154	116	79	108	72	88	95	60	0	21	38	15
1	67	49	36	51	10	13	66	38	54	46	144	146	162	143	102	86	0	101	99	100	32	70	34	40
0	0	12	35	46	43	1	10	0	65	86	70	44	70	43	0	80	75	103	132	58	99	82	80	32
1	0	16	54	41	65	84	33	21	11	112	134	178	208	150	173	125	69	73	129	104	112	105	108	64
0	15	29	27	14	0	94	51	50	5	0	62	52	45	147	13	59	114	103	48	82	47	75	48	40
0	13	0	16	26	18	0	0	19	0	79	46	82	73	57	4	135	82	93	174	77	8	37	29	44
1	35	40	0	57	12	0	19	52	38	89	144	156	170	146	114	142	94	19	64	126	172	116	94	59
0	0	15	6	0	12	0	0	8	109	128	118	92	118	88	120	155	94	91	168	95	79	76	49	2
0	1	9	45	15	37	42	73	89	58	129	43	37	57	100	100	105	130	29	3	0	37	53	51	54
0	6	6	14	7	1	87	36	10	30	64	116	66	87	147	102	136	105	21	26	0	0	47	38	18
1	4	33	44	42	48	38	0	10	39	73	120	172	117	126	170	177	136	126	114	77	97	141	58	92
1	24	42	119	109	88	72	30	14	0	121	124	141	140	137	97	107	24	69	104	122	140	159	111	66
0	0	0	0	7	2	74	29	24	0	47	130	102	157	70	47	27	56	43	76	39	86	82	76	49
0	7	15	0	10	0	0	7	36	68	53	61	74	93	131	2	61	87	81	104	93	58	56	44	22
0	0	0	0	35	13	0	1	40	9	12	21	50	0	30	53	123	96	101	118	124	60	35	0	2
0	45	26	12	36	22	30	0	0	0	21	140	66	53	88	70	117	151	144	190	127	105	63	59	45
1	14	43	47	64	48	12	11	53	41	64	119	110	137	145	200	124	77	51	100	61	103	138	123	61
1	54	26	36	38	9	22	0	66	35	129	153	214	195	167	216	181	127	101	121	143	153	136	70	50
0	0	0	24	23	26	0	0	64	82	58	57	89	167	39	0	66	55	70	96	76	85	67	20	21
0	3	0	0	0	0	20	10	7	40	143	54	71	66	88	98	128	104	120	110	131	83	81	36	21
0	0	0	0	2	0	0	16	21	32	57	95	98	80	65	107	117	91	116	118	93	30	44	17	42
1	0	0	11	0	0	10	50	13	21	58	105	140	164	165	133	100	167	171	175	237	261	214	213	120
0	0	2	26	0	3	42	25	23	0	46	86	78	61	54	47	96	14	56	153	164	107	62	38	0
0	0	29	12	27	33	44	25	0	34	154	121	101	85	86	27	68	26	53	88	158	27	21	1	0
1	0	6	0	29	72	25	10	3	0	78	123	133	143	167	115	82	93	18	69	92	145	172	116	97
0	7	2	0	0	0	0	0	24	16	58	137	13	68	95	75	86	73	101	107	130	48	37	27	13
1	12	83	75	71	67	84	105	139	69	85	84	155	202	218	162	69	57	19	87	97	100	103	50	44
0	24	8	0	8	1	4	0	8	47	59	110	11	0	39	50	75	136	78	75	73	27	37	13	13
0	0	0	0	32	28	34	17	93	56	97	109	176	53	64	45	53	43	126	134	120	33	44	41	19
0	34	0	0	0	0	39	16	77	33	22	62	113	118	105	74	118	82	76	102	108	121	107	56	18
0	0	2	0	8	3	12	71	0	17	8	71	169	149	86	72	98	57	80	110	57	55	92	57	38
1	52	46	63	20	50	51	36	63	1	27	96	209	192	180	169	63	117	133	159	191	147	164	118	28
0	3	2	7	4	13	8	40	48	96	74	39	141	105	109	69	120	153	157	140	102	83	60	47	16
0	10	5	0	0	8	0	0	66	57	58	93	85	45	32	22	81	27	32	79	0	0	31	27	11
0	9	4	16	38	20	0	64	71	81	76	48	91	57	78	118	183	96	168	173	83	116	79	60	19
0	0	0	0	0	0	0	48	25	36	89	92	83	27	34	71	112	79	88	38	47	95	70	71	32
1	24	78	58	36	121	64	39	25	23	0	81	71	120	62	131	105	93	120	104	70	109	53	0	12
0	2	36	9	0	0	44	112	71	30	51	46	75	70	73	0	133	100	93	95	9	79	68	47	30
1	12	0	40	65	50	39	0	38	0	0	79	156	161	180	156	141	104	153	157	201	152	135	28	13
0	0	11	50	69	45	20	22	0	38	0	47	49	40	47	36	60	71	79	160	112	116	77	46	17
0	0	0	0	22	0	54	1	0	32	63	52	120	78	43	105	124	96	177	147	49	73	71	2	5
1	0	91	59	15	0	0	55	41	21	36	111	136	150	169	111	84	31	49	78	112	88	132	118	28
0	0	2	0	2	0	16	0	0	23	85	142	154	110	90	81	111	89	97	117	100	91	55	21	27
0	0	11	0	4	0	10	28	28	79	90	120	54	60	56	49	54	75	79	90	121	90	103	57	29
0	12	0	0	0	0	1	0	0	21	4	87	63	25	92	56	92	30	27	83	140	47	88	10	13
1	0	56	0	0	39	73	67	46	14	95	164	202	145	150	80	61	0	36	74	107	142	122	160	14
1	0	21	0	23	18	0	87	27	25	62	84	194	131	92	150	152	99	87	83	77	101	161	130	61
0	28	6	35	12	9	0	18	0	17	12	25	113	120	91	39	106	63	88	21	0	58	59	37	11
0	0	0	0	5	0	89	25	0	0	29	31	53	80	102	70	127	107	143	136	95	134	96	44	10
0	0	0	0	0	0	18	0	12	24	62	115	110	128	147	103	123	103	67	88	82	54	47	25	0
0	35	2	0	2	0	0	0	43	57	66	116	114	105	93	83	150	119	143	111	87	78	69	40	35
1	0	43	62	84	24	24	19	0	0	18	56	138	83	157	150	121	110	101	139	210	217	145	110	36
1	0	0	78	71	57	120	47	85	0	85	51	35	118	120	145	175	102	99	126	90	123	122	95	0
0	10	13	0	35	0	45	23	51	84	93	111	39	43	101	61	85	112	95	92	70	93	111	71	41
0	0	2	6	0	2	38	39	70	58	129	140	109	98	0	37	134	40	68	45	50	60	78	43	19
0	0	0	1	1	0	41	38	21	27	9	95	152	68	110	121	142	108	109	61	51	42	50	31	42
1	20	0	1	47	0	36	28	17	0	28	146	151	201	209	189	158	60	8	70	123	162	130	101	59
0	0	0	19	0	5	0	14	18	8	54	93	95	94	97	36	29	1	55	68	53	60	50	31	37
0	0	0	0	0	0	3	5	0	0	53	25	66	81	0	91	150	94	128	63	108	12	17	16	5
1	0	14	26	27	54	37	42	100	31	63	69	87	97	129	109	131	100	89	55	128	141	209	150	28
0	0	9	6	2	0	38	19	0	20	125	117	133	108	56	41	90	84	103	103	69	24	15	44	22
1	0	21	46	61	36	64	51	0	0	56	127	223	140	197	139	126	71	80	106	101	74	78	37	9
0	17	0	0	0	3	44	41	47	18	65	10	35	25	89	22	77	31	33	82	58	119	118	25	0
0	24	0	0	1	39	16	45	0	113	53	32	67	125	61	65	147	139	132	86	90	62	74	60	33
0	14	6	15	5	0	0	0	52	66	101	44	70	66	37	63	102	112	130	154	108	74	50	34	0
0	0	6	0	37	11	0	34	0	95	90	108	111	64	9	16	48	72	93	139	101	103	58	31	45
1	0	3	17	7	34	32	0	85	14	56	110	91	212	194	162	65	65	87	124	129	137	100	132	90
0	14	0	0	3	0	1	0	12	74	94	73	74	85	114	46	28	66	84	82	65	56	46	31	35
0	0	0	0	0	0	18	25	20	37	53	71	50	47	39	52	119	176	166	163	166	134	107	62	38
0	0	0	0	0	2	3	48	32	38	40	20	56	59	73	67	161	98	84	64	131	45	56	60	9
0	31	14	4	0	0	0	90	57	28	71	54	78	95	81	108	46	54	79	159	102	106	87	52	28
1	0	20	0	28	5	24	0	0	10	20	81	123	153	118	203	238	124	145	149	195	176	97	55	79
0	0	0	0	1	15	21	50	0	68	58	141	143	154	106	72	108	145	195	118	143	144	106	65	66
1	65	5	64	79	77	0	22	56	10	73	133	141	154	138	175	192	144	117	119	84	121	170	68	30
0	1	20	15	21	0	5	80	42	0	82	83	87	93	128	33	60	104	52	37	109	97	87	49	26
0	0	9	28	0	0	8	9	10	98	32	101	99	115	59	50	94	123	66	58	70	44	60	43	53
1	17	24	23	22	40	16	21	0	83	89	134	61	153	79	61	113	91	97	111	195	141	151	88	0
0	0	7	0	1	0	0	0	0	82	53	51	55	107	79	1	64	37	74	126	95	91	76	53	29
0	0	4	0	2	0	33	54	2	57	40	12	45	103	8	11	82	13	67	92	104	74	68	44	18
0	0	0	0	0	0	2	13	0	28	46	78	113	88	97	59	101	99	141	121	126	29	50	30	0
1	4	61	65	86	108	18	31	12	56	117	211	134	148	120	129	125	72	65	186	165	189	107	114	0
1	0	18	43	23	45	37	17	3	23	69	69	118	143	109	80	85	47	18	84	103	88	134	102	36
0	8	14	3	10	11	9	0	25	51	88	102	81	79	85	57	119	131	131	141	65	59	54	4	4
0	0	0	0	11	0	0	3	89	63	142	163	179	118	30	29	40	82	147	178	115	78	72	61	12
0	0	0	0	7	22	0	0	34	50	28	52	22	21	108	116	66	76	83	105	57	90	92	56	68
0	3	0	3	0	10	30	86	40	0	48	125	64	84	75	63	100	82	92	119	89	152	141	59	6
1	37	80	35	4	11	24	20	4	23	66	96	125	144	142	103	99	99	93	92	148	136	165	169	95
1	45	50	15	61	72	122	75	86	24	101	70	159	184	191	90	63	8	43	109	184	148	126	101	14
0	0	0	0	0	0	16	16	15	40	62	39	59	70	46	52	51	91	132	125	77	55	35	56	34
0	0	20	9	0	28	0	36	36	66	93	101	74	93	30	34	67	76	25	98	140	114	76	47	27
0	43	19	0	0	5	0	1	13	92	92	76	77	84	42	31	41	83	51	70	84	0	17	14	0
1	28	40	73	86	84	61	27	30	18	49	95	210	134	181	140	104	109	87	155	150	132	155	109	1
0	0	0	3	0	6	13	52	48	47	69	81	21	49	0	0	94	72	81	79	85	15	28	12	0
0	0	0	0	10	1	17	13	54	60	73	94	67	27	60	75	161	108	97	38	8	38	50	43	25
1	49	78	67	44	39	18	33	59	5	79	171	202	116	128	129	109	45	49	101	116	119	150	118	44
0	7	0	0	13	32	8	104	115	120	180	58	66	69	7	0	64	79	83	99	114	65	73	28	0
1	50	20	30	0	16	0	49	97	0	51	114	92	116	149	199	190	113	84	205	188	148	133	100	91
0	0	9	6	0	0	0	48	0	63	32	65	56	98	138	72	113	110	84	62	22	0	27	34	12
0	0	0	0	0	1	0	16	25	0	51	72	75	126	118	112	117	141	125	52	0	34	43	24	6
0	33	2	0	1	0	0	0	25	8	64	98	109	105	16	25	113	101	36	58	69	35	62	59	28
0	0	4	27	13	1	0	0	32	40	109	137	107	68	52	56	65	90	61	84	0	62	37	28	29
1	46	32	42	53	22	22	32	49	31	68	116	135	87	145	101	108	82	146	125	158	160	156	126	81
0	0	5	0	0	0	0	12	34	32	64	101	81	61	116	99	119	40	71	105	66	9	50	18	0
0	22	8	4	0	9	2	22	12	0	32	56	100	78	82	0	64	71	91	103	78	66	89	64	35
0	0	0	0	29	46	30	32	27	23	45	91	120	86	60	18	138	99	104	116	89	59	70	47	25
0	0	0	0	1	22	58	30	21	80	89	155	131	90	77	138	144	142	77	129	84	50	46	64	22
1	16	0	18	35	39	56	14	0	33	67	129	142	195	130	157	146	74	93	152	172	184	198	89	40
0	0	12	0	0	24	15	13	0	6	0	23	44	52	82	94	71	80	71	38	65	60	74	23	22
1	28	30	56	4	33	19	0	0	98	172	136	123	148	158	160	186	77	95	67	81	113	119	88	113
0	11	7	17	7	0	6	61	45	0	44	1	18	0	51	24	92	60	92	100	69	106	71	75	78
0	2	11	0	0	4	16	8	6	5	64	96	126	91	113	28	129	69	120	141	84	30	49	32	23
1	4	0	59	57	81	47	65	76	44	37	102	177	241	180	100	72	30	89	83	149	131	142	74	67
0	0	18	11	1	0	0	39	32	61	61	107	94	76	33	17	100	93	96	107	82	67	83	34	20
0	0	1	1	1	0	0	0	0	13	0	46	99	148	108	122	151	112	66	42	40	49	73	53	3
0	2	0	0	8	3	16	39	60	0	86	68	76	62	48	64	47	66	87	131	75	111	70	55	28
1	0	15	90	63	140	123	132	82	91	100	152	109	201	211	193	148	68	83	37	103	138	180	124	109
1	88	51	101	84	59	46	55	45	64	80	144	177	190	139	166	136	107	145	149	161	132	124	83	31
0	0	28	13	0	0	10	4	10	28	28	90	81	10	7	5	114	129	110	113	70	58	65	15	10
0	0	0	0	8	0	0	44	0	0	89	116	26	52	73	54	114	128	191	156	149	105	89	54	41
0	1	23	18	20	46	27	0	8	74	108	58	109	113	100	102	163	113	168	146	72	70	64	49	55
0	0	0	0	0	0	54	0	0	23	73	66	72	69	74	49	93	85	84	126	106	74	92	74	23
1	19	15	0	39	47	38	32	96	61	79	124	102	147	153	126	130	161	136	129	98	88	78	103	22